HolderAddress,Balance
0x0DdAF2D9eF473a903d69975798233b923A1bc357,3505207642989.25
0x129DdF9c3958D5ae6A5A61a40110bEB8D7ca8E7d,3310893500781.8
0x80976aD2580f5bdE3AdF9d861DE4B8848Dc3818D,1508042052690.07
0xbC928A3A4b60cCBBEddE799cC0DBfBb08BB74919,1426939718852.49
0x20efF89e8971b8280a83CaAc68D3Decba96af6aE,1367994645365.29
0xF26E97b83AE4A7dE4e23710B693584eA3d9212E7,1261641491158.75
0xc44a8C6521d2AbAAcC55cF022E6023F55773233F,1177972529091.84
0x60edaCED9D7a45c793B1f280aC6D189aaCB66991,1158529211777.55
0xCD13748D5fA7A8b0Dd174C68bbb7A9D115B24B47,1130333729409.1
0x4C13FE288d0e7AE658087F1DC50C15107421AD3F,1028174198581.34
0x554C08a1Fec9C187CbabF5A0fc86135DaA879e21,1000000000000
0xf58b1774156D1C9C4256e835E3c9212e2Ee13404,994419564914.51
0x1B8E0178598550343a3e457a8598bc3389E84C27,895000000000
0xe7Ef179c4d3555AbAc0203FE9CADB53845b56199,702728041615.899
0x17Ab71424297Be381364e951Ba7a6D66EE78a2F4,564998400201.988
0xbBEaA529264A43EA4CdeE9E5b68B6EB5f986CaAB,537723389132.452
0x8f4C28D40Ee88a8Dcd747E7916bb350b4FbB648F,522807890860.401
0xc2C74D156DC2f614416D70541A59100e3fbFC4fF,515894474687.542
0xd4301FE8A28C8E68e1F5587845b1Ef09426FD059,514928504508.37
0x8400336c59342dAEc4A96D9E5f8905b3a791Fae5,513688919072.679
0xcEef0776aC9EaD829C56c82bda1CeE21c21E12D5,512340100966.608
0x7e002bAcA51e44F7E8980C783A8eB8d3E11c2dcd,511094889145.486
0x0187Ac74F8ECDecd0f645B40ea12d948Eb54F39F,508011455628
0xEAd24Ef751d7AA961fD29096ef4580042756f0Aa,500574805945.873
0x784A80C4E5452BC47447B23f4961E17a6F989d38,500000000000
0xd51D49A1a67AB4ED75825D1F8a99b1c794e4A164,461865620420.664
0x038BaF880Ab8087046C467bab5447DF99416bB08,439147687036.272
0xffa936E8e5f4485786dBcdC2aD01824B43b6b5Ee,413928372896.057
0x679ffe8D5c935Fd2204a7f1597Cc5E3653F06ed5,413647698049.741
0x00faB2FF0A4509BF1d5a0B3D77E1a4ec6d3d574e,333000000000
0x4A9BD0aAA9242BFa44f661b32A2eD86AC04FB227,327382004596
0xc1204FFe239DF09d52393983a1eaFCE0FBAf8044,322466369116.506
0x94b56D98042E39D7B9624eb28Ea6E2Fc98B1d94D,319251220533.645
0xF49aD6D389b394EAa9190873EBede2E95F30BF2E,261453251629.114
0x40d3aAf33366576A7Fc3987B047A4D2C8D77Ea4f,260196442008.318
0xeA9c9404422E2e09b5e4872A6FEa1311Fef46c0D,257700416350.656
0xd3f8519012982C29EFb53FE44CaAf66e3aF580d7,235384861959.541
0xd36A54d80A2568423a5473E62F001f15DA8cFeD5,220281282765.443
0x6cF69f5EF244422eDEAE5Da68301bc3C59507341,219059310101.747
0xef1EdeA6A13f5A9eeFd1796F1635dBc19f2a49BE,214937488688.974
0x0212c08aF084C93Dda1FBb374099cCAADf7C1919,207438508011.259
0x442C5676E31Df8E0018C949b09141fD333980BcC,204490666870.279
0xb69cE20dbb7Ac5CD6f29343D1b22501545C1a3b5,204209123463.648
0x81E42fFBF014E97b7Da0eFb6e5Cea1c1f1f5FeC8,204152309859.75
0x0C126B19Cc44bab71d50Ef8b752b2aBC548d3364,203055039882.583
0x99d305594E27441cfADf235f5480872243629dFA,202231575190.39
0x31d0e99CAd9F8C9088C2C749342C13b8CecC8829,201372117196.387
0x576BF6b2FffC54748A3F673C10A79f9D853D6529,200864672365.796
0x04412B403A4B6d2F00D8bF93F1e6a5BCdd80D560,184705481379.369
0xbFc540FE2E9710Ed9F45E8F4efC2089152CC6360,183372387469.462
0x51E34B6B88F8d5934eE354B0aCA0fDA33A2b75f9,179359096881.284
0x30c469826A1114ebe19c928D64DCf5294E452446,179000000000
0xC6E8184a21fFeD47776bB8E98E0a00dA86d83c21,170893406399
0x6516DEDe38F2E0791FeFD07c2E550dF3C87E10eE,168021897766.739
0x9F229A2259d8246dF5f9B465d0BDd5E373e50006,165885762850.862
0x08dF2012Cb514f60AA22E500D41a789c47484593,161393105909.115
0xC55C5324E893fe711FB02D32c94F756c7395005C,160191630986.373
0x221B9632Ad1698D07c6132acf6D761eF335BD488,156982249995.389
0x7Be82c239C3eF68397aD81B0D1DbaA35b105C6Ec,155828711708.39
0x27e18D03Bf8a5E0B10201Ff5D2164dE66C4b8c32,153360624630.634
0xf7E55b99c47a68cD269AB9541281c968b7305D2E,152396055223.281
0x59eE7c668283c1EC0897a05FF1844488e6310B95,150352470527.519
0xf1DFC8E85B36b99D7b0f517a17f811C08ce75394,147183533725.458
0xd112aD9591c8CD8295Ae55DC9F74433A9f655593,145226468384.325
0xe42A2ADF3BEe1c195f4D72410421ad7908388A6a,142806118094.443
0xde0855880C4f71796425a5c4311Aa2FD02C9CdC6,138734936253.044
0x758dCBe3236186D00aFC7d701047F7085470B702,137958303744
0xA7f059166E152c7F215967e9502f932e67eCf8b1,135361796145.889
0xdF33226a1e2e25F29F4833DE0d324187e8dA1F01,127616447415.064
0x930D95ff5BA3f42A2070d98416d525163D8d0c30,126381256292.342
0x24BBcc6340c6018E6E99BF1A2705c277f90C8522,122811161595.513
0x570b86aC7E3cB18A1bc9506F6Ecb7fF724D284fa,120081402315.71
0x242EbEbfcAF75f1c6D62249bf23074823c94e7a9,116409981024.734
0x6bb4Ed29f49eE6EB8b18F0B65AD25FC9607e245B,114028269060.745
0x285aeC35508F30DF6C8acC820597A9585f5885F0,113883146010.505
0x672ccB1919D6b66c5C6008930F9F0A9Ae2e78F08,113814206617.08
0x768F88b18aB4F71dB62A8B510760D755E9b7Ad11,110567542941.22
0x2E5cA1Be58E28A843896E8fccC572BC2DE46b159,108681109200.023
0xf51b9B54dE3cfea24EbB4da7c2995E27Ab6Ca79D,108493927285.685
0xFfBDDbB7587992f7221537972Bb403E86e25d331,108454466051.802
0x9329742FA8451819C4341Af5709aDa087d1Ac1bb,107691438615.366
0x72c4D33003d43b3E0447a6a77820c5349A2c5cE7,103365834456.316
0xeC4Fa56f6a7d9a0EfB70aB8Da944621FE44E0064,103359031334.833
0x7B9Cb6a9Ce67E7FDeE07d672b8F1E8d6813F5445,101945399999.998
0xc1D9c776Ef4BA56026bB47F16e36C6A4bdAB7d9E,101622731438.899
0x5325da9d5940d321584afE504e84c3560F0eEFdC,100954880956.62
0x9a20F7038BBdF2103EA0594E360911bc54e19b6A,100000000000
0x371A73310acC86485c1AfEfBBd34F98b85D91397,99428067095.3073
0xfbd8C096B417D4179f4A780b600A3F9807D50a22,93032940962.7555
0xf6300bd3D692ED814030D254E6d23C15D79f1D51,85466622001.2094
0x88086cCD01FdCAea236bBbF7B41F11CeD73D2756,84650504165.0533
0xda4590385e9133F3Ede9de9baE08B3C0789866aC,84507686065.0584
0x52a3C618D47A4CE8C95eB846eeD47ef3CED4bF2F,84478694302.9033
0xeCac26Ebdc3beDa07697223bc6A1Ff49197F1B52,84070708173.0682
0x389D7Ca2FEC16461dAc1C7Cc7698975375B43fFe,82493769716.672
0xB35FF2f898c00a72b347e7f65d5824cA5150Ea6B,82484063377.708
0x39446E21B9B33d15a46a1a9Af79F80a6F24a0d59,82380222639.7232
0x6FcEcEf4f1eF64290aeA00dbA27ccd1025e30877,80587340192.8463
0x753408E0d3D3Be3F41de1e4ee86f13079460a1D9,79043108546.276
0x97e3FD32d87B65260Bf3d4355e9e6B2f2f451F64,78744908644.4717
0x02260954fA45623000d1F4F0D899C6f0F50A6d7B,77469567962.528
0x61B61Ad071A72bf2F7Cafe7746B3d0C4cc7D37Ee,77190072289.6136
0x104562bFddadE5F08582eCf2A4Cd61A3759696fA,76869835864.5475
0x062F3d74AA609Cb4156ACAa00A7b253e262b4a56,75671446640.8126
0x2627c39DaBac510F47f2A692225e70C9B6249276,75635471054.0939
0xc7186c4A5Dc6E1B744C5e006768c7193676Fa67C,75531782779.3541
0x7b83eF52b903D5eBb8776072EeEAb23B66658f77,74963630093.16
0xfce2aE5C05944b9eF3317a67F4D44bfc1AA48a33,74782267813.0568
0x541865e19F0c7E29Bc2547041f967429CB78C8e0,72049100995.5439
0x4A4D1Ff70e8b5ecb2a9A73Bc096EeFE13445e51f,70922385457.4571
0x72c3c6537dFB2A71fd75ae6468A0D78494A0f639,70110277243.1304
0x31581d943EE127FD18Ac373b9c512749BC11b403,67449191062.4744
0x701c672EeF1Dd2d8c4d164ECF0E5da10e2a69F36,66505493740.1844
0xa3b8e69E4B528E8aAF948a106126B5528427143B,66065372617.5416
0x101Eb8257d669C3009a7Be8f6Ca3a469dB5E07Ea,65510190148.1057
0x240B48917bb88861bA173a476219EdA3aC66c2d5,64952364677.0182
0x9e52149395C7a29eA75c79C79D4cc159a4061C6B,63332806693.9546
0x001ff038931C031b7CaD1CF521Ed58B1FFccfec0,59888598090.2433
0xd2e88D060693442dbca1286EBe64aAa2d43DED72,59337724506.8461
0x23ce439eB6C7fdE4fdC7fFFE3eebECa29a3bA60E,59175147389.8037
0x7D4ad04afC1f0446b4589cb744A8f16f53F12cAB,58373164592.0436
0xDa9693188e511678606d26A047f6E4231117FF9E,55426063157.6035
0xd14FEB727A677Fc357C3dbaF892b654726EC12a4,55248331466.3522
0xbe7ee03A053139c3253A157b2C3812dc6B993d10,55088043291.2194
0xe6DAFbc38BF7482010CE8b995Cc1BBb21130B777,53931170506.1958
0x7A4104bAB3d4c36eB1E041EF0675D658d12Dcc5C,53727922453.6815
0x8b7Bc958A32d319562fca039F9496214a078E625,53429539436.431
0x6f2d74f30b888134EAcCdF7e1f3c78C6e4D3C20C,53402299601.7318
0xE44dB3e5a5A0Cefb7d9005EF299D5A718b3BC841,53401641209.9623
0xCB9196DFdEfbBc4f33A702a10af04C680de9fC13,52882775783.3066
0x1215B4539421398eD394457Ab1Baf5A9677e76d4,50000000000
0x7E438E222f1f8Cc4c0B69B2f7e6b90403288462F,50000000000
0xA709A83877AF2761B3D2e1e6Ab21d1ddf8716AD6,49896341043.0832
0x88BE32b75D3e748b55Be77Ade7334B1E1d831ff3,49815046244.8038
0x824316026A7E30866fa79DDE4d6B2248c9435272,49631781812.1067
0xc06cFA9afa8a2895162a85D378284951b65B7459,48987756194.7018
0x41F3d1f59Cc26dF7343E9853327cB8339665ae36,48981545931.0328
0x259295C6DAAE8F68a5851b5DEF338cc7Cb1458Cc,48000000010.862
0x473E9efAD7140f5675B9A73A26D38cF9D2d26Bd4,47098056953.3641
0x98ab4493b01b008D69457250fAb6FD576c87dc7F,46468993933.3034
0x12EF2cD4231D5CF655a6CDD4Ac1524FFaa439c17,45054065181.1737
0x22c1d9e3D94af70d5fe2F59f6318D04ab86E20ea,45017237149.1371
0xB7DCe1B36B8E57b9C9160CdB9DaaD16a9935319c,43839490896
0x1aB89De00F039d9De0E17cd1F1A5E7372C475aC3,42749701459.7272
0x3CF5A54cA70e2be24B481e142B4fC265656adEed,42435897763.6501
0xCE74b4785D7AA94B0520776b874b1b5A2C17E9EF,42266756554.1626
0xfb7070604919551F37128B8AF12aEF4b6381d4e3,42151984334.6625
0x49eb2a1eF5bbfD234e4F50c78bCf78177C0F50E7,41725684585.7939
0x9E9D15F76FbbeD9Bbf0cc3bD9D05C8F670676214,41259562344.2536
0x7cB296ea7E1c30f180EFd48e03A1613f699386b2,41203616589.5524
0x01ba6761B60b39634a8490AEC4bc454a94f8c9e7,41065103898.6595
0xCc57771d08A19374133d30ba7fe609347d67ea9D,40586553602.7624
0x27e20fbaD3251297fB09947efaaa3D0767cA7418,40479231493.3747
0xfC83192a4047247462C36e5823990688Ace93FE3,39624699489.2277
0xC44651ed012523c10769dd988B64Dc77fa7124Be,39060591745.2425
0xc58501C9a774d0805bD014641ee3Eb0083a146D5,38958504766.3687
0xBFF512F0B2Aa3eA4383b1F970822267736958440,38574259798.1941
0xDf74465fc4b5012727714d482B7b6f2617c610c4,38513328588.4933
0xe6C6390eeD34b62c0E364b540e3b31f139B7aaAA,38247611995.6184
0xdABC70Ab42Bf6f920CcA42ce98974Fa1b64dd350,38000000000
0x62fE66124312eAF3c7dd2b3a975e9Ec76cA39Ae5,37103178678.6339
0x38Bb6509c5086330Ceb506B672fd0E4B6EE20CaB,36614153149.5393
0x75f866a08E624596Ace420076a2c9597a5351B07,36213007286.1073
0xB624B6410d69F8B2Ca138DBd06B7dB1dbA57E504,36008123175.0268
0x0198813B656535b497aD801661FC00aDCe82C344,35967066340.9292
0x2bf92a510246e92a591075c5dEcdbe81918FD1FD,35820235598.8583
0xDfCC81B35fa31a27ED4bcfdA88C318C336ef1733,35815048053.1798
0x5bF53f247Ac7Eafb73f23961372A70382B2027ca,35776309321.9771
0x2A9E7356a8C5A5da42bE02ddaD8ff17fF2Da0ee0,35000000000
0x7457667ee63BCa3c134f246af687091e7E259Bc2,34897024553.5469
0xBB458aa7974fA12d4aC2b53be7c453c4cB5207CC,34699936577.2522
0x6d44Ef9E2fEdFEa0814b35D8d734E11C18710F61,34644867459.6262
0xAd5fD732d8D1221646Dc261A6Fcc8f2eC6726CF5,34605747423.3908
0x7B177325DC386A68AA155b47416eDAb27A20D684,34549190628.6548
0x99c2c66FA07A377d35Ded2Ab0603626162531bE8,33668717026.5549
0xe9195DABa15B5D92f053fF12AE483eCf4f41c0a7,33073185006.1325
0x76C023Ff6925A1757B0817Bd3271c5856Fe5ef04,32311185093.1041
0x0fFa7eDAEfcFbc904145FD94E5c32069C6E42275,31922035604.4598
0x4676118BD3a3449e7Dc5b55a072a16ab88fA833b,31537519803.3343
0xaFAA188Ba59D8b7950C6B287Bb11E77759da714A,31147943407.6091
0x5c79112ABC71F2f83caC037e6dFf9F89b5078A8C,30971756192.3196
0x40b0afcC0045B3624ec345123b60EA58e0124255,30718311721.1788
0xf3B4a295549a56e843d7D4f837a692B558Ee86E0,30212914405.563
0x1cb4948839EeA8002bb617946feA5B1825b22C07,29463950119.5823
0xF48F6c59199C023FC4e81fBFf3B031f1128690f9,29409621118.5103
0x84e40B2376383961Fa9EC6346144636d85B43561,29200881766.945
0x506e211e2597e7697309A532cB6227a0b559032B,29184033394.2426
0xAB58cF30af7BA8e000414cc9aEB33f3Af5dd9910,28603628388.4046
0xe7415BC47E5325196FF4b33793Ef56e53991C2E3,28595371667.3845
0x49d18B770Df0D5361c09392e6c3DF8d94d2216E9,27823768004.1221
0x00C522b35AFa41a4d2851dc155A2D38E67bcAeda,27339614145.1919
0xdD401061B09452E3FBC27678ECD9A4ccC5B2188B,27025363628.1007
0xAD1408B91D5883cC6f43Ec4BAAeC37579e909012,26976330796.3314
0xB0a559E83318Bf265A14C9F8968dCF4111B18cbc,26852812311.0174
0x8bE0FA1C306bc74036Da7A27680C025B099AA2C3,26821819250.3575
0x0C619402e57A2b6C93728dF02F2307d504BEe0B3,26759594183.6435
0x686B8e789AD971256d75468D9BfeCF214Db5494D,26673825642.9615
0x4B7bcb3D16d9B3D04813d7814476EAE5aC4AC5E8,26367339549.1325
0x83650A7cDb71376335BfC80FFCFe18447351C97b,26365749582.3338
0x54c123c2ae49145634F6c364aB1872780dAd4CBE,26169124437.6476
0x039641A7b2B57BE1aB38eF244A2345472e3ae51a,26050917109.0784
0x42Dac4c72EEe97baeE3bBacc7102790a7a1800Ee,26043032156.1309
0xA46374BB5a49fC1afEe0b33689E7d7f6e2E6BA2d,25837433849.154
0xd35D748B607b5667Ce905cc130272740f8639e9c,25786434153.1727
0x10D1fB8CE48FCB6c418FFFBb1E4B919cA927763f,25773608066.7871
0x0bA7122364d09D08739b16548351671391797524,25772365467.1702
0x98B2690c6A98669B53f99Ad80C0eEd08a641707C,25761504194.6768
0x4580719aB87eB414Df356c423bAdEb95b71E13cD,25605800128.8948
0xDBe156ACA791fE53d3dedcFEf7Cc6Ea0736ADc7E,25533710044.9329
0x86dB13e23280CCFe5eC420e538563D1200c4edd5,25527070093.4468
0xBda2CC4f974362D260c6b930059981D80fCD9E95,25170586777.0162
0xF478A494afC88BEf17237b215414CEFb9AbA76E7,25128782342.1688
0x537A2C6be30b97Dc832E15e7b6B483447aCdE78C,25029304275.3196
0xe14cA4152e048f9cdD9A1e3B12a5a42fC3c3C9e6,24997388057.293
0x6c86897587620883F73eA89049F77388c1542e05,24965235024.5094
0x518EC1006d2a9518388cF862369b1534190E12Fa,24818132845.9551
0x95353146ba10679bF5C8FBFdc950d0103FfCcF8C,24744691761.5929
0x1983C69237CA359efD2774f0B399C7eF7AC03A56,24162131696.2769
0x8cF8e3d008AdfE5d3e07Da764280701e113fE487,24056567703.3004
0x690D89868E0b80263752D07fe5Fd2846d1A58d6c,23642332393.5843
0x3ecDbd76Dee0FA9cD232b4b54B96B80e8CE285Cf,23620770427.9779
0xb1Eee8d930C9bfaCa2AD5345922D7c37cbbF2d7c,23473701421.0889
0x2DC4DbE3fF63cb49C577375fA5af3C55c4FC3a2A,23454561021.3518
0x3E941D23f241885784ef72BFB2B5f040252f1739,23128567312.1996
0xb92c55DB9f5EdD46423980Fbe7fDB9948fAF5b57,22907552717.1232
0x9Cc6883D8E42f8D9e07C7E61135e6B5d27A783aD,22905543468.9327
0x3BDa83Ad555690d9f5060eDbcD287e4fC4B591FD,22851729830.2501
0xfBe51417Dc45d231834eba98eeAf10E668998099,22657525239.0801
0x8339F918a011AbDb6A3692bF22Bf6D2fd05a99C7,22495606238.2796
0x4c2A9F904D97E868D3339AB98071140E46A458CF,22347911355.0738
0x32792Cd97b1013F92B4B852d14bFAa3dD20400f1,22085422510.7954
0x7CE218FB540910d3b81986Be5263eD9CD207b499,21614942745.108
0x8fC4EB1a52569671472D44E126556d0cbA64aD5E,21558772395.4825
0x4566c08080a1A4e08CC8aB0ED4c10979efDadF35,21341222478.0239
0xC346C3f1D8dd49217003eEc2C70b32dDCF3D8f33,20934541822.1146
0x857F39452FF509487881d48647A7d6FbCa994Ded,20386675548.1356
0xCD0BfD0db93BaE6C7972f5d81B1cb042bd1f4868,20286012097.3205
0xeb5887734E12DcE3F0FF264AE50Ce2d4CcEEcc67,20124786020.2839
0x3fba48ae29b99B139515c9D717Db3B9A3Bf0FaF5,20121505616.3055
0x3bD71a0303E4301a973f8218550053BfF6c8075b,19831581482.6728
0x5e8cb2c4aeA7805c15C4aab30fbA16B427c4E741,19619622423.1289
0x04Ba52d439c1c23709BBA7a4e920835A6aceE452,19587997368.7236
0xc09956843E12DE5Eb12C4ACA1F8f6E66AD53192B,19333016643.0049
0x749Dc7F8aCb2aEF38Dc98806fA14a6B49b91b8d4,19199950262.4814
0x04B9c7f17D3661fB98DfdB62f291f6f52adA1f0b,18974734718.8144
0xfaF887b0985Bb1B2EF8aEF1583dfC0ca2239B6E0,18876077842.3344
0x0a4aB49Cb3a71263BB3881799f50c32Af0Dba651,18868327817.719
0x0E95990302151885749BC6e6C2f17e9D534b4285,18822386582.8586
0x68B48bCa2F5955DF6AF945bB71814EDdA5243712,18770880794.0052
0xFEA5C78B1C2457515501481B23Bf702f7F6513c8,18756573056.0905
0x78Ad0A60F4A4F42e9C37E00951e8A65b982F14B4,18510546189.1216
0xE3E8a61611893A3161487A758d7868D2F25fEB18,18489785747.9832
0x7122B898D290390AbbA61158c5eD13b1402ee084,18480232285.2678
0xA2816b2ecAfC3aE6c3F29AFcC2B90f42DeB4fF20,18389736504.6371
0x78Da1E11A40398e345e822D7Ae1425B0d60F769c,18300410840.6876
0xA84DBE4602cBAcfe8Cd858Fe910b88ba0e8b8B18,18038519235.7236
0x457F48a0bBa2D1aB06AD6f9b5F6d8Ee9c457BbA1,17893801923.5582
0x21a325Ff51740Aa238ACeA2368eFaaB69b34d34b,17738845343.7392
0xF321eD95Bbd3776a7c7d6592d989Fae98EaE4560,17657253781.8299
0x255b7833AD17851276bE013Fdfd81e13223D884C,17484690570.7994
0xf62033Da03AF71a148EB5Dfa34574c7D3e2B03cE,17347123007.7421
0x7A55D045c24bd4d8AE2063cec9e1d5DE47c74893,17331508611.4195
0xbDB57eFc966E177Fe7D30B3a0cb99DA274A79291,17219598339.6885
0xDc0097AD86829C4dC4B0945484BcA46D4A68E798,17177882279.6219
0x26Ce68b51FCc9ae57F893F0F4097A6FF3aEEbf82,17030662562.4865
0xe9Ef8342Fffb9167846629d513Dc97388c5fB022,16616519789.5967
0x8166d661ED2265e901251A4E9A9DC8A7375bA686,16244117773.1082
0x31E78bB913861cA8Cc944E5D6cA246d077c2fAA0,16172285019.538
0x05F4B847ae188662f9f2adA01149599bbcBf3158,16069235546.8234
0xfBD6803A7a0FE2b8c2a4E3790095B394FdF95b5A,15513825999.7172
0x747c1D10cCaF606b56aB58eec8b899eE098f65AF,15317393395.1726
0x209Cc8b7cB42DAA454C832e50D1De3bbd1Eb1769,15276916752.0626
0xFCCBdF70bA3df135056d05D715ec4C7A8ACDa817,15268617622.5946
0x149756907221491eca8C5816a6B5d6B60fCd7d60,15167320950.2176
0x10084a84e8018d53Ef1a766E8924Adf866D942e6,15124606357.9693
0x94c653B738f102fda25D457E2CbCB48f4A75792E,15070692270.759
0x03f7f340e71660ae72f72906f09dba3CeAa5DaEF,15068750245.7964
0x89785A6D643B825f5dd8506D8a27fA17488657a1,14690687349.4372
0x4c5c3Bf1D7E22EED545fc9BC7cC7dFDD9e9a82eD,14636570361.9042
0xF6A1F53026dC95152269aB4fD5De04CbaffDb528,14594785305.0922
0x04C3a4011D17dfd8650ada24f0A0BAA6C4FE43d5,14525826146.1337
0x771a539ef123131423Ce91Bd887Ff71E618EE2D9,14459479782.225
0x3779fc9ea28f7658cb11ec65D961f5b1183B9C5e,14272662723.272
0x123da08fbe5D3f300054710f80b065D5F1CE91E3,14251936155.6928
0x9FB9C2a6f4407DD29b8a39199237D408E5Bf783A,14166296453.2175
0x91ab67b76678B538c22ADf351E426eF358d578C0,14032043120.0972
0xf504b2BcB9125E3d5243460999668d79F38f9647,13916705085.9318
0x457ccE5766b2a0d62D44149A854966feeD40BB5D,13873299086.6256
0x5d9575e57a197289417cE0cC8eB49230CE07041d,13782367456.0093
0xAE545C0d8d4b4645fBA8c895e370529D22F8a71c,13627338364.0303
0xA4fFA49dA7740d3010Af4f0C5F33b1c0d565ed65,13472531138.5766
0x2Ef16ed32d43f73c95cF0654ce5d53fA010448d6,13454920555.1573
0x80b645Fb98cC3037816305A07bAB870e58091E74,13409116321.1371
0x0132B2C97A7ad3db5eEF450bB95dB35fd5688c2D,13403806574.3306
0xCAfdBB1d11EFC07ac7fdcC19325Cd5F2751EB8AC,13266833388.0008
0x206710759F9c6ad87490a131Ab31255b38A423EB,13265686032.4556
0x88F115779a78403D81D140CB39E815bff4253537,13254707688.7156
0x2B1ebEC79D43D21E8F53BE02A9714DA74A7BA35d,13200691290
0x758907345Ef11dDa7724f9E90Ac4588430008085,13098293659.0807
0x439E24D237aBfC79a7EE68Dd8E28dB14f52B051e,12984104491.5326
0x50495946033EcBC8699c526cd8A5F9C6E420c0d6,12838169422.3215
0x3dA135A35Bb7A46Da7157611Bb046e891D10C7b4,12768290456.3906
0xe93446BCD77B9DbD34D5fc15e8735bF328f6B109,12594281551.9983
0x400384E7B03628E9F147c36600cd249ea9DeFA36,12523168972.5361
0xC968E3Fe6cccEEfCCe845A49d48E16622BCE304f,12454786798.2547
0x1bb9f6249d5108C2aE48DF36A67F12612d306EC8,12418340920
0x382358744263C7D2CC87C2e11a449d2421a1022D,12360875614.701
0xFD95645550492F1E4D94BDFD757300f3ABF6beDB,12337556288.0892
0xCE48d6178D911195A3d9d37829FE0Cc6243E9CfF,12305479672.2838
0x6E3b16BA6B14EE504Ee0682420789C31be056c53,12301045571.0707
0xd92541A78A8787dE1b735734e5f6b642A451C322,12145142282.0208
0x3585309407BEFAef4744B88089Ba368989fC1ffA,12066610174.9906
0xCB44D939be5a3875686Cc55fe280737025F97e8D,12026282684.7118
0x027943F870442fE48f51A5E29d215F181b5F9E7d,11937976679.2056
0x1Bfaea5c5579fD4A92Aba3A75dAd8B439afFBeeC,11825548309.1559
0x772002537eB4a163A0e182e253a2EBcb7d45Ad3E,11701199191.3903
0x320EA39B1F34783755C722fBaF50cF460CBe2c50,11591512469.0545
0x60bdAee2A58d8A6f9299E87CAcb381F3604DB183,11453785748.0221
0x186A7cAA5E6bAa5B3458429Ed90537Ed5ebbfB79,11429467842.4196
0x20c66Bd24dF2eDfBDB73Dbeb62B0893f40C97117,11419234766.2708
0x49D522712D2786b56680Cc69f5B5b4d4f541b0A4,11248092114.6407
0x2015b351E2fD685A79a735F207defC2056735210,11209029301.317
0x133d136798BA81c4C98C943C0c3a4a8CFFD2A2aA,11203199592.3591
0x48844957C812Efb3c3CEc316ab6389d689EF8A55,11142072839.4914
0x784329841AB6421E6641b03EB50fDA1fD94d5265,11046911413.6505
0x6eD76abC8246Ed029C529a31a1dBF4dC2CB25246,11042237817
0x7eB41248Ca9e9f639D946C43459583b2DBC3c99B,11025808194.1894
0x0FC7e42C64858053Dc845D371ce82Bb415EDfB2D,10941101216.5256
0xd737D804f8036f97b5DeE69a5fe04a24fB8dc523,10930065787.1296
0x981B87db14731a2daD571446e5d0956dB8A38aDF,10853964696.9623
0x87C71da8a4745926A003471C88eB2603cCBe68dd,10811972525.5879
0x28a39C5266Fce078973281508099331C45A32130,10810810810
0x944C6C8882012CcD4FFd2911a7F1fDC520c9a561,10743646774.3949
0x205daa99c4e96e3161C435f925a8c584bd2A06f5,10733940135.3196
0x5cDaf158A20558FE4363442beDd97103ef30EAcF,10699287731.9608
0x3a43525a3873D7FB415CFf57613D22Ed5cCFA368,10609620688.6006
0x3c596894d893DF59B0116c40dE3D498a6359aE1C,10503709369.6104
0x91aB770360c872C3c28CA766fC8f54Ef54C73E38,10342795650.3004
0xc643361fEa4B24d8859F19BFF9eE7FA7372592df,10176993880.2318
0x07F84c3E68d34359248F2bD2Ae3979b629343593,10106727213.545
0xEFFa0B6B2Ed1A91c14c281F23eAbc4e2d7Ff6FCf,10090042411.0837
0x076Ed4502762aa6c4809A25651b0a150494F69DC,10054765769.5391
0x47bFF18E462912Ab61a465b2bc229e3857491AA6,10000000000
0x31996Afc0B4A2Dc72b14f0029A2A75A78e86344B,10000000000
0x439dBec81094Abbac1249C23a0469CD79Fb6eaD4,9765310021.81677
0x1397D30BB0DcE8030FFEfC78E1E5D71eA62A52Be,9745967017.61995
0xedb6Cc5aAd830FE34E4AEc759C1f852dCe7a7b1f,9735677822.94377
0x3014a73f71c17EB1378268CD7DE3b2a4351b009f,9685227596.78627
0x5f3d6141B371e1D3FDA66171640374211024B6A0,9657281718.0633
0x6F0D072195AbE5643d66035C6667db0D6CFf6De6,9632458197.8784
0x0f856d456720f98E9F0448c752b825893d80C0fC,9532481933.09523
0xd7362e29d26ff88Da8c9b9B71d264ef5ec478342,9436762435.10162
0x8Dd92819f59a3F33d6BB7eFD481e500Fa7Da2e9c,9435042964.57584
0x02460710eD331aaC81b79af98A9668533275934d,9375755744.7338
0x9dca27C59625a75795a5B59f1088f693fC6E8300,9202592652.48467
0x528D44C6C00ef7BefC9cb8b1AB6dCf8391e66590,9190688417.59159
0x80dE0Fc6453D977B76e8665Ba6435e13FB7a6A04,9123525543.82717
0xda745b9426Cf44bC658F109A45Af023298185647,9082993077.39221
0x6fB07667e10d2952342569C7D332B368f52a1210,9059082932.80028
0xEe6c332A7AA94685D0886de8dbc4a8ddD700dBF9,9057425120.42533
0x0e4E8fc0b29377E116470AD7f9fb7E47ad69E62A,8925139806.14207
0x184590e8C717A44203626f419a250c3719d30699,8901194065.97944
0xF87AAFaA01f252d50929c28575f76e3fDd7613C3,8752739941.87411
0x77D0512949C803Af303A42f8d4E1d2C9fc585F88,8683779394.32342
0x6CE94c6D4F7FDE613aAa43d8e20F876C6421068B,8536921119.77005
0x7899A823A6F2e08170B775354f363E3053050B64,8536117661.60639
0xE2006d87DD91cCf7b3a48BbE74377000A2200d84,8532647205.11585
0xE03BB64A034beC0f2D95dd10004233D96403dfB0,8517389281.60027
0x18c6B5f5D0188c7f1260D8153E959b6633CBc48c,8433207135.62244
0xb0812e0006470fE99F71165fC7C1A2312F7b90F2,8423892356.60463
0x7F56cf116a9117ea2d1557FD23651639328A0E31,8295222064.34561
0x5fF0608fA24b96007dE78deBb278F5B5667BC115,8245355088.54821
0x4AA92b19b50b1b27daA72a6F9F463F582babAD82,8242619073.33195
0x9Efa8980e2EE47859e57C26925A569aa1f99e283,8186745076.87729
0x3e38185CB72A12E91a1B8dB8eAeaB2fc928231bB,8178474137.2105
0x87686a73bb10BE73FF4584501c3a9709Ec7e69bA,8154860132.31629
0xdd3c0f408Cad52Ca1224cb52b97DaEa58b443fc1,8039208596.62792
0x7223E5166b0E604A68BaD6D8207b46a82ee7F85A,8038555688.28085
0xc93539968335A597879c604af995E05d1b12f9FA,8008303405.68366
0x3dcCE5ce106C4cf8483c5dC66577BaB5A54a6210,8000000000
0x3515A3E9290329C82360C5181c5e6cE7cF26e624,7944412380.86354
0xFD71F5bEd847c264a4150711F436390E0A18e0D4,7917798598.67679
0x81fd881490D27663Bf39366BC0e12F2002b204ee,7896285386.30771
0x7C439177cd714324Ed0dD63F7d648D4020DC98AD,7833012098.75876
0x9298D291E5B89fC8d9BC2455eF2B650739DbFF58,7803174805.50802
0x5c94fde2e416ac1629aD4aFa29CC11ebA17cc74a,7786771040.79263
0xD7A18E7553705CDd8CEED68ea34aD4Dcb8297083,7691021584.31575
0xB434e8107Cba515e2e140F6efAEABbbdf6143742,7678664129
0x474b02bEdB8a12C3c3E41E605648D8EF4a39196c,7523731040.51334
0xfCE297D98aA290850695B0aEaae97549Fbb917e0,7480375227.26237
0xbC711b28bba6c40a9750fB3178D68982C89CeF5e,7474442569.21176
0xeDD24a124E1AfbDF13e9e9Dd8CCFd867488B804a,7459429467.0915
0x1560d935ACcd0F5269Bb4C19beE65Bd5BfE9b340,7447234852.36361
0xf822b81C65f2A515Caa7753F4bBdB3fc0878b829,7442266857.95644
0x055f44519E85b676605979Edc4Aa013EC3503149,7411759148.45212
0xc1D43dc7c58B14D583C5169c93422ceA1c81844C,7385702367.52064
0xDCcd40dD60A1E8CEb5D7346A18379678FC088F92,7375482380.58506
0x49A7892ca3FD2Db08cc366b414cACd03f1dddA91,7370239116.68879
0xB72b48560f7AA8308689a0632fE9Da47b933C90A,7322528141.30883
0xfAA8dcc827153B8A4B70B109e6489992cD19103f,7313926551.79214
0x2FBc45b6575767B4900D24cB18523Ffd2A3f6152,7280354049.43374
0x6c9c1C164E81197Fc5B41cE86Ce914D425d5C321,7266391582.29497
0x4166F7225B6d68D9a158B48d224EE9d2EfE549Bb,7243674069.23487
0x957256fde0448ef51C38c090d3D3F2975598FAD4,7223067429.25817
0x2642732257eDFF4ed882DB0FC0dFcb8b7DDc21f8,7182249843.34915
0x849029eFB80739A7eCC474f74A910470b3193B93,7137042549.78283
0xB9654cd12524BD762976C7E3b3732FfB0db80EaD,7136899979.15702
0x452803DaEbEEa6E6Cd9086Faa19318Ab3EB89eE4,7114505267.56237
0x00488e7986e8502d2a5185fb7C6bB3A1A2564205,7077322169.46036
0x055f981EC2be069158FC8153653d762462C9dDEc,7060636018.58907
0x82018Fb5cb256bD147Cfd5842decB0C86E3AC25e,7050057429.3016
0x7c475b3225Bc63d3ce7F27ecA95c1f5Eda683794,7035585463.05154
0xEFC16955C8D011561d91C1d8DF7cD27CeAd924e4,7030832089.90292
0x961c05f016df64D4d95d7B535828AF290A8fE8BE,7019365644.29934
0x33ea603250309d216FA6c9a6a44D6e3FC8A658d7,6982322767.91198
0x1FF1E4aF2a215ccb51616F323a4a9f95299a6981,6963367910.34874
0xD1898358cCD227035c3df49443D1C52e50B326FF,6926067727.10859
0x6A2F85751B13895FCEf31391806FF3067c28D611,6856379483.89363
0x863929dF84e4179848Bf5834bf7e02F0eB6439b2,6803569972.26322
0x1Af40C2a2a486D494aF5BEcc33Cf51E165B38612,6749730924.48159
0xb8B15dA163AB450c1A925721B96513f74b01A01f,6660661257.78869
0xb16ec73E3f3a83aaCDf39fFc0a33879A0b398397,6650976095.03744
0x47696AFE378E980E47cb6A8940c6EC3EB9905419,6453453963.37518
0xe6774A699376d58fCe2A274cF0745921AdA2e70a,6426598106.04851
0xDB666DEdabe76bFCD21F3a36b8ce1E6D226F0F1B,6408360096.61325
0x2d0dC7656F6eDE8cFEA4aff72b0F5235CbDcd7E4,6347566322
0xB5462e14432E27A63CDA06Cf7a0595Bfed600AA1,6332840381.17145
0x4B1CD9593dB3ce9A6539C22EB80fE3773ed0a55E,6329630268.919
0x8791646943dFd70A74de56FfabB94B0bB48beB55,6253503283.8111
0x46c84aA1942587706D8135676274FA32075DA993,6219925306.93354
0x233ee2D77b38d173991d9cBEB5d5dB222EB685b3,6156057894.16601
0xeFADB6ee63d357572D155f8E650694b4Fa532721,6134727675.97925
0xEB20774944566D77650ca40c575474eC7FF18B31,6130865614.39843
0xD3206ac8725D403eAEC5D8767f5f1bBA791e6D44,6127399748.81208
0xeFE070BEFE575d32A4706f807B059e369cf4f5E9,6104359575.87589
0x6336058bc67898C9933D5BCf3Aa26E36ac00e633,6090175622.82197
0x90b6c977F7D69Da4DD002e4019DA2cF8b874cb12,6053841389.20086
0x5Ec3822F9DAFcc09a7f3db14deEB52F6a5073fdb,5922735979
0x1967F7305AA8bA79b9266D884fDd863823A7BBE2,5799361952.49699
0x82cc6843931Ea0842AEA7F57F92010b585ABB3e8,5762535114
0xEb9981D68572B0553B98E5AECb920b6a7843733e,5716004920.81789
0xb86dE2Fd8B73B4EdEdC6d61F85AFc66A0df512F5,5693667153.89484
0x12C1d465368b2A7a61582B32aB3531067c5eC447,5647820405.81875
0xCa8BB2D7F68E313588E12a840f9f8A15344B6B85,5633038617.84479
0x9cAd74fFdE9D9759CB87715cC5f4E99Ba42A82E9,5618340161.15086
0xC8d7d932ec6Da41b976dB6A356c05de80Dd5fF6a,5599558288.68336
0x69e0F0947dB4Ea4179E8dCbb3E1df2644Ef74a9E,5594576297.36006
0xA610cE4A1adddA80b67596837110e8AA477F762c,5462061430.71297
0x9A75b98743646CC24B41Ff28101b36524d7fFD3A,5457023329.16379
0x9832D5208166A5dd9a925Ffc3928852694C2FE78,5442237817
0x883189870DDB1f63fbf12E958B29e0C6C4E0Dba3,5419503610.81718
0xa8D7B48FF131d8f44F9eD8AE5cc5092826fa07C4,5418128923.24738
0xe0b794d45D67460eEEF4B6ADe9D376a20Ae3c0e7,5411918220.07694
0xEC69e1E76Beaa3690D4899dB8a796a5C03E6BB88,5405405405
0xE28BA579e140d015C67417A1Ac1F2AAdd9Da9A92,5405405405
0x6cCBa0A11458c461d146c28011B1DfA43f637ec6,5405405405
0x407d429c6C25FfA045BC7548d83F78Bb0B3ec901,5405405405
0x30345574FE6632f2fB7b6aB0d0EA395ae43a8811,5405405405
0x2EB8291d3a6b72cf55B000610B6485b68783D330,5405405405
0x2e1C2EB05A1A0788ECDFAf19c66Eb8Fa0a44b353,5405405405
0x2a81A0E14F6a27Fe30709Dded47e3DD6A42F2148,5363822503.30459
0xD0a06ECF14C3fFDe62FE1B374B7E5E954EB3A806,5322883427.27935
0x11b733D36B3f2EE9b48499f5acc9b3d837cf9b2b,5293512268
0x38A656C67eEd5e04d5F8bf93A1f54515b284a78c,5249025576.23013
0x6fcB89f0D63241C30d8987fC5f9aCbEDB0dc00A7,5248090464.65699
0x436f3549289105F0756874220d78AD9Cf6E44c78,5215082661.83604
0xA7AE76C54144D8433DcFB3fBfD2fEBc9BE27279B,5209141644.37339
0xE3fe068b64664bf3c1FC352Af7Bb29F6F59c1477,5188809559.47499
0xACE6B3405cEF1a2cFc6B4D9BCEfF869642a12323,5179902388.20262
0xa7e4e3283f64A3e3d5bD6d48B717D79c3C31FD9F,5177304085.97216
0x86F0f8F092B861F14F9E3c506f09219e557D7cB3,5174952552.41905
0x393b5505807dCe9f57ED9e285317e15fF0C622A9,5100000000
0xfC36180091B8050A4841DFD798c45037725AE4c4,5076735175.62166
0x96118cfC371C4B5b63Bb738e42b61C7161Ce3B5f,5065116975.70079
0x7399482072C90daC5cb8945874F1597e8c6ddE1f,5000000000
0x410a6c7D7E4bDf6b6E8A63614c8ff30BB24fD72D,5000000000
0xf4bfCB94F2057e86D02cB15ea0b622b5ec313e6f,4998457384.02464
0x29F20C8A8D5D6E6c2E90200Dd44C159eDe8F72B0,4980111883.76974
0x58f90b9cBFd44Ff684909863E79FB2540a006b37,4943223400.26011
0xAc9F252D6D28A9213aEF560171e19215aF988d70,4925437129.92023
0x838DbD844cD8B2E51DE576EDF6daA2eABF5892d1,4923000000
0x9A3B2361ff56AC88888e69034251EF171b9d9FbE,4886890814.64323
0x004B8AA3b33d785caff1180164011997B387F876,4881733683.77536
0xB68BecBdae999C9c6a4B787750EB174b52Be54AC,4871939594.10722
0x3c8b439c2a327566Ce704F3Dd60782eD4529Eb6E,4862421660.9049
0x64a9A4DC1da67CF3887c1a964c97652d89bcBbFB,4842786327.46051
0xc8Fc1C07d3FA7195eD9F217CF8bd161faE8FcC2e,4842403130.12948
0x95ab13A8434Dab39765D80eeB3713C24eDd41132,4837397504.11151
0xbe0C5dA5465c101E8b0F87da287FFcae1Caa4d05,4830309884.68919
0xBf9C747BA3D4c923FE30B5243401F379ba878d0c,4808682309.09331
0xA1Cb60Fa2c8da2D37b4DBE90675AB17e1eDceB54,4806672300.79816
0x4e90942Ec029F6271c6Db38c641C994984CAd433,4804275516.93567
0xd565ee48560bE31bDa54e4E738E398216d43a664,4748830173.70562
0xecb8Fc34f2434548a402FDAD7cB93cBb0Cc9ecbC,4747401641.68473
0xe5c91c3CcE2B589574fc2BBfA8c2b5a9b2259801,4741964849.30497
0x16d885FB807d00C8DCbb6C73a57DA6d656cC2CB6,4725209061.85811
0xecA882093a6d319C8DaE679cD7610196a26e4777,4642566044.07019
0x6C706335e2AE648B084985E14ad5Fb2A11005168,4635284958.44021
0xdB12b0A826d10ecca7a783caA1dAa508AFBD6Da9,4602376988.52842
0xa9530A1aB84073551fa79571792953D38eB2434c,4578534094.96659
0xbcC4b3AE94d2Df0d7F304eF2C236534971B37C3b,4519578489.06803
0x5D890BB64E316359373E6299BE1EAB1Da93b931b,4485160617.81922
0x6c79980F9b5b05219849D2F729db5f55CF1FbAF3,4459773903.46201
0xD86e5f96fd5b7EaCca2Be0e21005B05bE3EA36Fb,4329143524.6921
0x38F83a5a9EbC013256B3672759f647BA4998Bfb6,4288313285.49669
0x362E26F156F87651db972F8c767E04d2C0730f89,4224045911.37133
0x0466747175bB447f7E931472B221A8CC61fcBe97,4216535721.99592
0xbb746508B8a8Ad4F943f01e0c92a676c9D3fBb59,4203726050.18013
0xaa823F59498F9F65f1D68D55b5eEeaa095831568,4201255121.07744
0x7f3cd5Da54b7Aaf26Fe2EeCDbc394BD4d05B5226,4189727852.2786
0xF761C73e0f7eA4B636A814f98620B5E88f80C32a,4183381373.89523
0x5cc7E2942d8dED03Aa84BC42526b9F2b9488CA99,4180403515.60224
0xBBb0C5f2E2ccF64563a8752F921DD541661E8cAd,4174118151.24036
0x5496C8a338419AfF9A68A86D9a3585c62B9C9E1c,4106420801.70709
0x597768e7A6721Eb21c2Dec7A7c25D680bBbA1CFa,4078167004.2922
0x42FA6ca0539c62Ba4d6CAdCf0eB9054F77588eD9,4057067411.52935
0x08b975CaCDFbd06358A1B961c1E0bc0380B78989,4027203491.19465
0xD69cE3Cb5ce1fE8Dd835293AAcD6897cAa3f77E5,4019698214.68039
0x17f9C6E2cca389e42553C00438f2224C0245b100,3973288196.81149
0xE0b4b03bC8A9a58cB56B4CCB66B86D62274e2000,3961908537.69245
0x042b1A7aB3253320ED833E746126a92dEBCd3d50,3959832412
0xE20C4225a967a12c40b5CAC343CA3EC7D09a2f48,3955538862.33472
0x3E46Fd019b7A8AeF4541C3425269eB75a584339a,3947246710.82748
0x5762f2f83284EDe620FeDeeE53B3d54cd5A5CE2e,3932059682.8914
0x65d08C7475070929188Cc46C4C6A818E14d5701E,3879709209.37979
0x4cA6874342Acd373232C702c847066af59652061,3746541148.2865
0x837Ea8C791379BD69a1a85C5Db08c9cac233aC6B,3713629928.52889
0x4a4a4C5CdFE0b2D8E4071460ca8960903ce81a47,3711038942.74144
0xf9c54E555cd4f11d4Eb37A3A9Aa7f4D3184B1fC2,3682511232.25702
0x837dccfB1e28450157f1c1B8b08d01B3Da352D60,3618058830.20719
0xf1D51f059CCbd7A8B1E0177658f5962B49709d1c,3613360456.06521
0x3a9EEcE65e993c3637D2ED8E15643e3679056773,3608031207
0x3048a1Eaa060AB7d1a049b2b170C5fb5FD3e1955,3546653434.86962
0x246B0e32871C3BeDDB37c058A8017EeeBcC33423,3528475096.67868
0x6465e1dD2A93BD78112D6e5f90b1eBeEBC2d9765,3505620863.30189
0x88b8B78293C7386ed1e66ecfeB1f185343fb8b89,3456877449.3699
0xdb0e010a0672D5688cD2212e673F7a8aE813965d,3456814134.5891
0x74cB7A236C6179F05401b610D75b4824ca62232e,3445020675.27295
0x91FE75c2a2D3b77b2Fe7E710790bd025DD243F35,3440315401.19222
0x413D1BF5d32a2d74ad78ff3C1aA110876e6B0629,3439934705.30662
0xcb7d919D4E9A96cc087511E79754E0C9FF866882,3326198346.66021
0x3bC61bcC6f2cAe9Da0CbAA15331Dd516450D6fC8,3316632757.47556
0x8686127E542cF330dd327ad753aaE76d3e4829CD,3274351351
0xED110Fe826a68Af174d86fD37279339f6D439B5d,3258360563.45276
0xcb95B373A5dA40925D5f7e08DE6F55efB3D8304C,3251142116.62913
0x1fECcD8fF0e5bfbf6d5a9DB414F4890a0a03c29D,3227322359.86086
0xef98b7a708aA6a8A9149AD7764C3e1D68Ae91678,3224170222.78043
0xd7806a0eDf599E3b21C8c6075D86db6939f2B0A5,3202112836.79815
0x12C360Fe9D86967B489Df0541818F65b487dB4B2,3178656930.89448
0xE7D90A1816Db5f66148C84923e222D7824401CA2,3176700553.75455
0x8055F8af78DaDCbcC80a18EbaF9927f2Cb8930EA,3175723121.5418
0xD81116096A86FeE95dA2aAc5646A66EA7d9b9e10,3168037100.26828
0xaf45524B83fAd0a9C21C4Bd3b19743151DAe7Cc1,3145263357.18709
0x021f605abe33E62c372c71f477E40a5689163bFf,3086823185.66922
0x839548833F4BdA6515aFF97896942D07513A9B86,3066835470.18877
0x10e4718a133c5Ebc546FF319201cF709F6BeCfF4,3013199450.70097
0x083296c75775aEf16aa3C49dd45446d88dB68918,3000000000.04416
0x10b6e1a1EDA38cdFa5c6D92891cA69876d363501,2995757817.94488
0xEf43305F6B7ED2AB3D230255A8958bc5fdCc2B42,2975460338.8574
0x3aD8b08FAbD4480Db468c3606e3C56AB0fAE2104,2974869442.95793
0xA8913e643F7262b7FdfcF7Ce0e7Fb977005CfD38,2971089520.99832
0xc31505A795DDf8a8c9642a603589356cfF14b5CF,2963281237.76455
0x972F49020130be2fEe1Ba7B2DB2b2b571f131765,2943139019.40982
0x1d918BF5fcAbEC0B1d126bF8ff96f7eb8e9d2ccd,2936474307.14757
0xcb751A8c082D299E0520E4Cb038fD04BdEe6167d,2916723263.36569
0x2731E7F53d6cAcAA5103e3eCa577f97a94e0af55,2907907001.97782
0x3C8018E1e73bed06b2da312aD214969ADec21b60,2885362386.21822
0x8c6fb82dBbbC6057294f67d2f25d6f0f95e84B39,2879998284.30334
0x25Aa13eAEAf55e13eD58dC091b2f4Ef967fE5EFb,2825911815.19517
0x4442E8F31023A9BC1f13fAeE9239bC79b3dBFa85,2815081306.71582
0xdf327C3cfD5711a376c39197A6F7E2bC2C74124B,2792103344.34495
0x33833d4C0C9cF00ffcc8A5D7048A6C5d2821aBa9,2782886819.33679
0xD2a4a9728b931576532Fd6F630C93B71D06bc084,2749070277.51963
0x53185692c52371C1783FaB017eeaE423C353c734,2727724003.772
0xDa4b36FB611fcE81765d16EeBB6b420462196c0f,2720183874.96201
0xbaA3c253E181FC7a93FedE2d4D1a7e690E98Dd96,2702702702
0xa35Fc7Dced1C7bb97ae64837eD6663bF0eDC9EbD,2702702702
0x9C415b77385b5D20357ecccB0B67810c3095149e,2702702702
0x432074E120ff63066021aD3674f55D8056DB1C44,2702702702
0x06c922aB286196B558A0eF8dAbD99E2b98bD4166,2702702702
0x6AdDC62dD1E9491CaA4C6399A404fda48296a447,2697117080.97854
0xD1169f365Cc199B01aD0363cC2f92D990Da58241,2648854380.88164
0x5b58e96b30f015E48b44C9F64511f52DeA0b888e,2634095104.0565
0x2ff2D5D7f7eC55A305cE94585F3aEe2EC30bfe9e,2623778477.1398
0xDe51a8308a963FA5bcb85a9d26a4BDAdB0F04c90,2622882307.39708
0xFD9Eb712D62d2660C23e68C625D53Cd551865271,2610203650.96361
0x9a43C0Fe3019C06E94c573f272eaCC1a29569943,2569910278.06489
0xAf61B0f9756163709A129F60c2192876365D13D5,2494858825.24002
0xDB8601eF0ED92332dE606cF535fEfF9c88cfbeE0,2460884286.23068
0x588313614753BDb8F5E5e01638c558D1D67D22F7,2448574917.6171
0xC4c95023582ee8E224760a6560F300352a2eccC6,2422473054.10152
0x2Bf7145B9dA25567569C15C57758E6A13BBc00f2,2414055767.34457
0x658F32C5387bE127E4281590F49C2a924176fB87,2406714906.74214
0xbb0185a6805354b586fC975D67a761E0704215C1,2398869051.58867
0xb2f8e8bf06A3Da424f5C06e493af63e2EF10FC4c,2383842586.82937
0xd537C667d491949f0657102F56b077050AA7805f,2378336047.64377
0xbAab95812953A98e730a47385910caFF108087b1,2344743747.65192
0x852d20b822DF6BDBc321798687001a89A2e25f2f,2337837837
0xd44C23a7FeFA41f4A7dAb47c2676193720e67805,2317384723.81237
0xEe5B5c60EE61b9E1CC1b38CDBA7401b60Bf9aB8f,2306996259.47738
0x16Cf087Bf33bD2a1166dE1CDFcaC9b5341D19027,2283045472.59466
0x6Aa181B9eEb1A2273c280FD403d6F2AA299C12b9,2273429550.73568
0x4e085834FBBE8215db6E994834CC46016712A99C,2238139462.60605
0xdE54139d9592128EE73B5F8f72e8d0A8DCAA5191,2223640190.93736
0x7333Fe4C6E7C0F95BD55CbA1FdC9be41DF3f4571,2216751593.64215
0x5dA68351bD082aBDA73E42Ac981dB51d9364fe69,2215363986.83361
0xd3b892a7D7D8ef3e319b458e26341748a77FF0DB,2205351038.9052
0xba55288CfE0b229a3fA3Ba82Bad06d6eA8365eba,2192511900.6825
0x70F6B77D6B75A5e64551760E069cB5FbD1A634Bd,2188391366.92466
0x93EcCaB6c65E856BE7E68003693A264Dd9098aF8,2163596887.24878
0xD967Aa94430f26e9a24B0D8204F4500155B475b9,2151102166.35397
0x054Becf10c79aFa4e60F75B187837bE9Fb83867D,2149123906.34457
0x86AF458B3a817d42Eece5D8afB10455e3Ca202d7,2126463947.2298
0xD864E5AC7B01720789177fd6D664bA0c42ee2A38,2105637042.47929
0xAefCE8ad3D967C2505D0e495a13e61d56b39D6AE,2091931051.40233
0xB1cBB541315eB60Dc5C40dc074A9e77754cB53C3,2083333334
0xa8232EB545Face05cd1Ae6Ec1643887C7b902914,2083333334
0x89abF0B626Ce2c520D661691FC95aadF9179A3eC,2083333334
0x6bf494E92b80044fB8D02f1Ebf3B80C4BB793480,2083333334
0x57c1968265490C8ADbADa88d2741930DB7Bb2289,2083333334
0x55d56F8809e62Fd25a64957815846d1CbB058aa5,2079319969.28491
0x5ba5E30B05aA61cC6114292C1ABaF9929D591965,2071397945.13255
0xAB548f756bc06637fCB88AAF5F6b393848bED603,2060531323.98066
0xf406aed3369614123eB6c8ea6afB12995D49dBdB,2046784925.84283
0x94C06040793D1aB7EA04Ac28d0eae79378fD3bb7,2040518318.19071
0xE7132CF69bFcc561514dA2Dd9A5f7aF60f0E5a62,2000000000
0xa558414CF5AE56D82a44161Bc73E9463d0a2b04A,2000000000
0x95f41f6fF09DD400d6f0ca9d69F3B191660363b4,2000000000
0x7548E5CF2503C1Be6883450f9d09785481Dc9AA2,2000000000
0x375832aF86A7f7c60476DbB47cA54Ea8ac913110,2000000000
0x3124a0E29BB77B2bAC9eFF8189c4E3F6882D2efB,2000000000
0x0DE5B7e4d8b2aE5d3819bA653463C7fe76C50c80,2000000000
0x757a68dE56fD46824f6fC6A0d37dd6390d0310c3,1966843695.94442
0x8122a2C73259A0d4823D2dB9deE1CaCb440Aca8A,1926021600
0xEEeaD44964A12f6Ac804dfd6099DE8Da861A2b85,1923096116.41988
0x9942F6825642F99c28b687f0edBAFA65A35049c1,1923000000
0x5a648642F3A10cB489A4ce3D1085aCce2C9933Eb,1923000000
0x38726205C717565C76A5f614C969e99C75455a45,1883033721.52526
0xaD5fE762684dF65aeBbFfA9ef1812c32C5760E01,1873112282.49156
0x1Ca8b46d5f2910EEC8D91b2941e28ebFE15FFab8,1850578976.56477
0x68ac4E2e496711aEb8CD59e1285C366AD601aE95,1806319554.69547
0xba50A2CfCE8BA217d9e0E4565c02B1604e81d0aD,1781004180
0xEe159C4Fd8Ea6Edd8D4c6B7C64815E44fEeFCA1A,1741327738.88965
0xFf672B72F6A14ed06d49cD728c30FdbCAa077240,1740451113.05982
0x122f70d737E8F22B9a0F13298836a22f63F6D31d,1739219803.57812
0xb386aE7d60B2A958D43e29E80BeB2D4441d39e85,1723671294.84335
0x3C8BB490ddD04c1e1b258Bf11Cdc27a64E55d500,1703927764.10383
0x130347D904Fe326E4221A0Da25B29B5FaBB45785,1692058894.70129
0xEfD77646DcB610b9d06572f2388a2Fb9FD0Ea664,1678342329.01958
0x8DE3c3891268502F77DB7E876d727257DEc0F852,1673160025.63846
0xdB77D93a976081Cd2c97914B72D27f9B053C843F,1662094619.24709
0x06DD52564B68DdE77B4e9D4e0e5D325f9a86746D,1659269560.78262
0xDe430Fe9776b0AE069064907528410Bc9C17b188,1651351351
0x0Bb7A0194D4bD767EA78Aa5B6C0bA1CA1DD7ffF0,1629795986.78438
0x490B9E5ECAD355efcb63461878537186771C9C29,1623138763.35167
0xC000799bf533854Fe256098DBF93C549cCb1Ed89,1614132488.13459
0x8DE6b6c0c587513c2D23d39C20Fd491f08d70338,1600926125.12942
0x4253188A3D4A5eAD7eA0eA0fB479B6025A10Df38,1552162484.42252
0x2CD52AEDcf5cc94f0832A9f44EF179DC945aaD61,1547486469.27555
0xbacC32DA1C775762E5c8BAa038ad5a612D035567,1538674204.60508
0xa29C25E73700Fd82025Bd0fCdEc8046bA861bE2A,1536448822.35875
0x5140CEB53a00dB80C3F094fB312fa91fa44fAaf3,1528612155.9075
0x2aDC0103203CD94ed03B5dBd1D7301fD548c087E,1506078653.40011
0x0F6756e569D778294542C806eBbb60A8681EDb84,1499267470.45285
0x3fAEc76484Ff39fdb6871af6f356134f8c8c83E3,1496374877.64591
0x473E4b0ddC45BA88a703b0937eC1854a7690E668,1482728797.27735
0x281058Cc98e8c85D078585eDB508898667AC4043,1473812577.25278
0x23521581aE35752Bcf669c9478c836Eb13b4cC4c,1464737552.27056
0xF30d83bc83b8750702902e6344F423cb6E64014d,1451753605.83856
0xCA44cF3C56572075f5DD6E36D75F15E70F7E167D,1438517898.7643
0xE54098CF591BAE6a5F91f964589943ba970a3Ced,1438068301.7226
0x33f2DBdbe8e694EB1f59a057a2d78189b2217B87,1437342778.54101
0xCCc2e93A9a54C0e913FA7BD30c1F74A4db85175c,1418598532.09532
0x4C93999EcBC2033410D7bcb458867319046dC811,1402782926.50511
0x5f3ffC15F0E15Ad373054000341cE2052Eb87c24,1402232869.49033
0x384cE5A3eE0647183f0ABE96952839eDa9faE72F,1389382715.43153
0x27D366262bC99659F957F9d6682B03a365c958b6,1388183763
0xC8b122195f3657578A4705721633308A4264ae8A,1362863539.7629
0xbDA3a54d3b07E189497c068bca35269E82d699cd,1359283971.14776
0xfB6001B96477BB0F076F9e0889e97Df22fd01dfE,1351351351
0xCBDaa246156Ee19f5565c02C856Dee7d4A66778c,1351351351
0xa0A3D457f7E34dDC2375856d5DD285b30DeB195c,1351351351
0x8646a99f0d8832117015c7baA1aC073EC96512B1,1351351351
0x7a3fc1a66f3741EA99a2d98289DEa0Bd3f32333f,1351351351
0x799179D0Ed9b2715BdF377Ca67Dc11706a23f03a,1351351351
0x6e9ca31c4cc4804Df5a92A389A7Ddd839584b931,1351351351
0x6e35Ae89e4B85eB50C30D92561252c4CfBA173C3,1351351351
0x621e9AC92392E70502e5cE3353aB7C0CC34f38D4,1351351351
0x55cC930DeC7BBfAF9C6b87D25524C45E8E0665E3,1351351351
0x4E05bDa1C964d63C9D3FE38af5Ed1ED1beB72488,1351351351
0x4395E3A47c231dc2937E3788363dEe83fAC23779,1351351351
0x423a2A9E177EB97BcaDF9Fb2fE78821eE967A702,1351351351
0x3866C141788C1CD5fdc0c81C0c0626C2411f4447,1351351351
0x2a096A904cC891f349D59b781D451e6A098Ea5Ec,1351351351
0x82808e7F8383aabea5592D547b33D27d84d765Ff,1346373913.4603
0xDb5858C302E52064F63ABB3D5C0f58BdEed49fe5,1326242475.99515
0xE9069e8e46c184f4a6b71a9a03fF8ec12A622E22,1325715615.06307
0x8fc62F4Dc21E42aA10929c890770e58202A96246,1307015602.1111
0xf316a5Fbc98Eeba4Fe3a65E0297E070AfCB8B91c,1300765655.02025
0x8bc8941E3A7D98eB5055BfF1dFf0e50Cbe868F16,1293916221.6813
0x659d0c87E0B432B240188bBd756f038a7636901C,1278604742.96499
0xA45fe3C656535FC30E0Dea542Ae064a174c5076d,1270578489.7614
0xF3F12720529041CeFBE98548f923A0734939D657,1261238675.25836
0xf83b05184a90AD7Bf847D69643cBEe4B04fA99C5,1243166342
0xD839BA970e69c2dd3bB4D35200FBA8534081f4d9,1236832412
0x25ACC8B6c717A7b56F98f6a1ff57eEB6fF409a5F,1226284173.51039
0xcFf2d533181AeDB700c01DB021237A2f82d46375,1189824186.61756
0x31f0f72db2515C6663805973e113d3A064cE1Bf9,1181047968.77429
0xD4a1B612a444EAB9EF105A877969D38CCeD4a63B,1175866982.01213
0x17B2Bb7f834DFae79a551f1Bfb8630020b6Be93d,1137382081.67625
0xd3b89A09b3DA0d6A49c72Fd508805312A5080774,1100000000
0xB6D4934FE622d1637AeCeaCd8dF8FF5A06219467,1100000000
0x82C3A2783E645035FF4269cD7251e8889974172d,1095683731.59075
0x25392fC3268ed63fd2Ee47747D92D2Fb05bdA1fe,1087969740.70981
0x387cc51d78AE9713280D5eF39a6144C8e69b8C4B,1065613298.59675
0xc740743CBBffaBB69d28B678329977B575aFC1Dd,1065493929.1713
0xDEC502350f4191B108199f44eE314a1AEA18285A,1065472914.12062
0x3135DAd86C3390b38eCd7Cd00Af55E97122b479F,1055142434.77069
0x54cF78C31739B97F87381b19937d13F04DC9819f,1053415697.69324
0x359B4f18217765aC2597cdD64Ddf914dbC1a13F3,1052756998.05959
0xc900044BF8Ed3963F706C472436d95708B22a729,1051114381.89236
0x2EdfCA70ec20E946319c62013d3b5A9922006B04,1046332635.33951
0x7CB788c2b9AA2946De9cC8a51931258de0ab74f7,1042160917
0xfBBc76259A5a610385aC7dC872584ac8d09233B3,1041666667
0xFAA38054dCa989A74fc8894f0A11a3223B613e96,1041666667
0xee2aa6c6624b6eB04D05335141AA2E7389fFFb9A,1041666667
0xECC08991C0BF831A7aCb1AeB5D6C98261f30203C,1041666667
0xeAefeC9a6E436Ae579f122f70A19Aa5FC8a7D84E,1041666667
0xe44F90042c4525D5e683FFC10EEc62E08dADD6b0,1041666667
0xd5cb8DdC28b8d03DA7A52A5907250fEEbC999A30,1041666667
0xcf1737f1A9490EE2e406214cc1420Bc524EDA1B5,1041666667
0xcdE4549B8548e7c1cB4F0eB02A3c089C028eB23e,1041666667
0xC84c90ba7ece3C65C43b855A5f4952C582f20c6f,1041666667
0xc50aFCbE4AFFfE90da8E3FF44ead1765578dEC99,1041666667
0xc2ef1173a4B051BbCc4474c407BBb2ac7E02e363,1041666667
0xc2AF9B0aaaC7e5Eb0306056A2C8cDCC666a30F94,1041666667
0xB9e62501eC7a5b14A52D8362937194d155d897a7,1041666667
0xb33D3827b961320C4F7549a2e86eA315Eee1fbb4,1041666667
0xB1751f90ffa5Ce02d0476B209A5960B7e5630486,1041666667
0xaee084f5066757671c9FF8CF18A9be0a0a4C6aE2,1041666667
0xA6c376f61813820B3B780E9465d6dc5f56c97377,1041666667
0x8391D31724a02034F5bC250d26583bC12c294d2D,1041666667
0x791Ca19194c1D74342652aAE2277eB9c435281A3,1041666667
0x5C7e42f123C4834814E6696F07b842B6ac2464cB,1041666667
0x5c75d47EaE48f94C9a047833c073A0cDbadd6953,1041666667
0x5304781df6C4C4a961636B02B10835091B2F22D1,1041666667
0x51F49532499132D216b037664e2898A533254bea,1041666667
0x4FA796D5FDC6FF9ecD389bb229fd6f0D731c9bAE,1041666667
0x4D2363c17d215Dc2F00d01dd78a3753e2Da29b10,1041666667
0x472b7a2CA3B7FE915344fB97E4cc1fd5BE51Cd7F,1041666667
0x465cC50a12b0845Ebf0781cbD385CEB0Cbd0F4DB,1041666667
0x4614A6Cf30039003398D8c6cC63B41d217C07B58,1041666667
0x3f03eE71D712C1F29776870b181F9dF4eAdc3eb7,1041666667
0x3c443cc522C28fFC10001a6FE7a4B395c9c7a952,1041666667
0x3b9589939e2C0C49E933dD741d04919CD36F4072,1041666667
0x3b5B9CA004455571B74b56F8375C7DD00507E584,1041666667
0x377d06Ee5e103e76eBe5f18A1Ee9F1CbB88e170b,1041666667
0x2e116D06a137080E6f8aEaDcb01632924A935F22,1041666667
0x2AEE50FD7c55FCD92dA6509771Fe51da1eae1E62,1041666667
0x253145C9EF4957323258BFE7c092f16B673c81de,1041666667
0x23e59Eb976FE5c6bF4D059EA03Ec75cD9BEDdF84,1041666667
0x1F771E705505256a338d790f88e4412b2E782053,1041666667
0x161F291a5A9A5918493A45981e2b3F95d27355C8,1041666667
0x0F7960c3C01b1c17c02c33d2798C68a7AF268C94,1041666667
0x0B4a03987D16A2265D664c36F8E0bAcABA03aC3C,1041666667
0x0A7BA3422d82253CC5cb08759DBeD01D3b412CD6,1041666667
0x0A01715CF0D6728e16f753F61d447eE580e35558,1041666667
0x04e0d611C8f373f236b654980C507717bb9F3d0a,1041666667
0x0300C4B3e4fE84E54aD940b7258141adD056B8e3,1041666667
0x00d4c898A44fC66DA4a4ccc2997929C95a565041,1041666667
0x0072195be626dF2310250c3954f2852919bcD0aB,1041666667
0x6198e868B887Dd2dB6daEe42eE49154A8ac5B754,1027422365.45308
0x176FfF8b046f5B89EA328e3A6a79D6fe88905A0e,1006779928.27734
0x9D7Ae9269436CbDF871339F1285B9cA8EA6BF08b,1001925397.26209
0xfEf1e0A39805D6f2c6E7661b25c58dA5FBC61cfE,1000000000
0xFcc52D1A6E92BaC442C1411ec19a6100dEBe07cf,1000000000
0xf99f4BD4ec1867C1D5f4E79E7c90483fD8D58F5e,1000000000
0xf6C205Bd2b16131F3722D81Ac83755019a513CbA,1000000000
0xF695Be3f89f4111B245efc7eAE6ede071c3EA9B1,1000000000
0xf6029Ed117B165c73c6ADE959F189e7842cBD6A2,1000000000
0xF483342212EbebbA3E1263190D1c1f5716B3f0bb,1000000000
0xf3b5973c9cE362B15b7Da1a71C7E5e62cb86d230,1000000000
0xF37560e4BaA3859321540A82B7A4137d244AcDcF,1000000000
0xF16C280F700DCC909A4A1Ce4270e94aDdBd69423,1000000000
0xf11a86698E8Fb820aEC2c50EA3CDF99121666B3C,1000000000
0xEe34c9f81079502D7014112DDc6Fd8E4A8C01ec1,1000000000
0xeE2363d496CF73B879Db0555e228182Ff3A6b042,1000000000
0xeCcAb8fea166400388089A7d1c1B1442B0Db503e,1000000000
0xeA64ad31090489F5EADa48F5B69504466dABf8e0,1000000000
0xe9D17DCecAb56f5d798208276078Ad5861057d15,1000000000
0xe7a190F072B8ca6501290Ca0e72353865691e26c,1000000000
0xe742B245cd5A8874aB71c5C004b5B9F877EDf0c0,1000000000
0xe505fe62aa5D88264a956BDC0f6d499726E33d1B,1000000000
0xE1c54A66B38c75cd3d804DB5B90b8bb7EEd4f428,1000000000
0xDe8b4b9ac759D1665F36f0a8462960B1170Df29F,1000000000
0xde3EdaEC1712ef6A4CcF7C3d62b2Fd27EE93Fa6d,1000000000
0xDC75af658C86d79B0fda3Cf376CA5b16413b40FE,1000000000
0xDBFa1add31A9C439d7C766a4C41c73F2CCaa3276,1000000000
0xDb1d999555111FBd4F96d97EC8C2100D097B966B,1000000000
0xDa26d4809FA38bE7DB142C3bedaE493F81baFDcc,1000000000
0xD9A66221716dd8cf588f23ADABf3568B9dA9eF30,1000000000
0xd68D601B4a8a0e782F7A2a36F93C7AaDA89F17AA,1000000000
0xd24338B800641F1d987E02B48FaBc080a2a1b38c,1000000000
0xD1650d216cd4f59AD0F81EFAa5D8ce878d196e42,1000000000
0xd14e35E154c7D475811BFAEB380Ae7B1aBba3062,1000000000
0xd13AfD04553b82450c6b1bE9d8E8d81ee8b21428,1000000000
0xd1255aC97AFfbB28Bf38b795F8b1bcd1E439AbC9,1000000000
0xCF4470cd40Ab9994D6BcB8A1c9a582c90c362c6c,1000000000
0xC864a9d1FA7397CeBd9c91AD1967f738d0863e9d,1000000000
0xc81A0B0A2839E42AC06906d2487A23773eB86e58,1000000000
0xc4e57Dd85ACEaa2f60c64DbAd91599162503a64C,1000000000
0xc454AFB400472B1Ab379a29A975B1C469A142177,1000000000
0xc1ABD0f6575343e5d66E8018f54a8ad73DD36dA8,1000000000
0xC0c334328806a02A1afb415E1Ea33AcA6935fFC9,1000000000
0xC084bedE87eB4337E7176578C4e2096797063A67,1000000000
0xBf86A9A50da41176633494243b7FBeAD15bBC1Fb,1000000000
0xbea0BC0978504b9152070a8896A7d3eB13A86d17,1000000000
0xBc5aC502f6A059F2df2Af272cf8B22B602E25A3F,1000000000
0xB99e91d1dA50634fcB8463faD19405B42DFE735d,1000000000
0xB81c1a4e30427e207f1aC39D90D5df9Bd6624B59,1000000000
0xB72F29f715f33d67EE74206A7744Bd33a5C0E16F,1000000000
0xb3FA862C26bDA864bA0925bceB00B45180172095,1000000000
0xB34929a392f9E08AD3352B89a948B2Fe331c5b62,1000000000
0xb2F559AF7884E975dc071B03039b11F2BBc82624,1000000000
0xAfb82D9DE3485E250A5B2AE41A271E45C93f53B1,1000000000
0xadf53A5e9922b83568697664fa21c2705F68d584,1000000000
0xaCFA2c09680794feb9BC3E778a3D12767E85F9F2,1000000000
0xaCA61495e0547826C5d35432361D72062E7AD99f,1000000000
0xabF5171Db29B6CBb103C66dEc6F52aee4DA732Ae,1000000000
0xab83c613660A68c70158e04c059C97867B4ED476,1000000000
0xa8a64bf4eCBE538968C1Fd88AB799d28836de5c8,1000000000
0xa5B886D154c6c29082c8e41a26328669A7213410,1000000000
0xA589aA9C82A8abecd772C1642c31C4ca40D76Be7,1000000000
0xa4856b959cf536b2C4dcce088Df38ddA06107202,1000000000
0xA305eDB52Ac9486dA68CBfE538D8466722b4Ee31,1000000000
0x9F16e2aEaB04506BAa69D3A18Fd04fD094EB88eb,1000000000
0x99Fb433205a25693Ee45aAa82CF51ee32ABae14e,1000000000
0x9870902417EC39dCcCe5AEbb568BE4138491DAA3,1000000000
0x984652Bb6c29b6e6466E022831bBa80F9e263407,1000000000
0x964BC8F0C3B4aE654bE8407996FAcD7a66EB852f,1000000000
0x9601339a55312E215e83314c379D056eB3c47da1,1000000000
0x936009a05820BB1E3Aa6206bAEBfA90781e95200,1000000000
0x90e0D0515558A36b13Cf5B8B648611D74CB0404b,1000000000
0x8f8766aF67F4582156ce2F7FD89D79686111a242,1000000000
0x8dD635BD366003f593321dc391d717a25F151E5C,1000000000
0x8C8d63855Fe54A44f58697f3cD2776180a079457,1000000000
0x8C05A438192AFd7629E6617295606D91D00A2FaC,1000000000
0x8B65d0028a0918881DA1d75e6961Bc4CdB359d2d,1000000000
0x8aa6Da4CdCa5e1574797ee6184a57d21D624209a,1000000000
0x8a697CA1251E6957b3B37e1317a9B8e530329CE9,1000000000
0x8918b6fd7dde60187337935031730a9b85c12A3F,1000000000
0x8409D635F7c2260976C2aB84B18CdBcaA94cF76c,1000000000
0x83C88C1faFe01E6ADAc258dCd6Edb8902fC73176,1000000000
0x8193DABb76284DCb18f5FA77b54eeDDd927E9Afe,1000000000
0x7B83DDCFc720E539Dece3c5CA03c3d48133b9e09,1000000000
0x7a1701264C3B73Bbf95415ba5DddeCAC4DF7b548,1000000000
0x7911Fd0a93FA91A3eB96D6087336C8a2808bf59A,1000000000
0x784b7ABF6992176F8BB1a260a96Fb3ae3B601fa1,1000000000
0x77c2db83BE79f724b3fF7c335b5252E6ECdBa777,1000000000
0x7669BCA777dd51E6c1C65D51E059A2bC1fDD6A85,1000000000
0x7500E49E7Cb89C28874A79668Fb8a6DE59E59460,1000000000
0x7288593543bE7f60DA0Fe5Cf07EF0c6CD88cF97a,1000000000
0x72623724cd2994b68133557e724725DB8e0AD96d,1000000000
0x71E677C96BdaF4eAC917F70C5483bDdAb7419D1c,1000000000
0x6F890802d392AC5ED8851fF322158eA20610b77D,1000000000
0x6e1D5Db619bc539e1e4E2a857CeEDBFF94F5bD3D,1000000000
0x6b02388a2a9359F86726D9Bb7f8e8FE26de198cd,1000000000
0x696CBc83aFE65403020728Ce1Ea15a513c1AB706,1000000000
0x633b6EE986d9a6851bc6943423C7D540c6B5f4fa,1000000000
0x616e35fbDCe4BA1C9563A173330E8D5825576567,1000000000
0x5b2322c7BFaC5c6994e861639Df5562a81bE1509,1000000000
0x59f0293D278827308f5C5BbC33197FC93F68Cb49,1000000000
0x593d47582748be57CB76CdC67e671CE36D65B9EB,1000000000
0x573E6DB0dd5F1Aa4d7D31395bca43E99211927AF,1000000000
0x5701068cA0bA0338a5B64e8F59d5ae661e9eCfc0,1000000000
0x56729D4815127EF89923B401cc656d7093a00849,1000000000
0x5640Ac800A464d41C28c1494e554953727423F80,1000000000
0x558b55aECA623626F8A0822C911fbdf55e4FC02B,1000000000
0x554356446BDF8579c7244B3cb4FA9A1F784d26fB,1000000000
0x53C9a7c3F38a366215B68785E9f9656CAFD93219,1000000000
0x52f466f140caADBD451A179aDbA05Cf62656a1e6,1000000000
0x511d3C11e83ABc1C1e76536DF6d0372BA2f50eF6,1000000000
0x4D4c090C3692445F495578217f2113cd530773Fa,1000000000
0x4d4673C087131A25E14dF327E4B89839785882fd,1000000000
0x481813B1d9FbCd6405E193A5049dC226Eb848f38,1000000000
0x409F8189C7b02f8f320364929afA3798AF05728D,1000000000
0x40938373F78a56250dE3053123BDe6c54dA2A701,1000000000
0x408172a8c8b049F8119Ac1D422CC1Dbaa12eEb7b,1000000000
0x3BFcc211D5C0922597Dc49C6a9C4C3De7018DF72,1000000000
0x3aE8451d9A911713deE8030218Cb198EfBAb2398,1000000000
0x39190A445EB3389769594b84d729cF00c2aEeE03,1000000000
0x378539eCF54b548782ad482207dcfFBd5ed2d16B,1000000000
0x34E0e2b8f115AB95bA399ec468f032Ec278e2447,1000000000
0x34A6a875eEF7d96e903cFe5fD5e6440f590191D6,1000000000
0x344c1aB62608000E703F6879F75deF66eaA6548b,1000000000
0x338F97B4aFDA4568b1A883898C480AF88812740c,1000000000
0x2fD94061Abc0D2858D234d011461414dd58b9381,1000000000
0x2D01C05975cE2211b9dc01655c94afd0246E0ab5,1000000000
0x2B467A6a63D28375e4f213b5513B1fc68f3D7Da8,1000000000
0x2A0d487DB278c7CaD20F4f352Cd10423FB5D578E,1000000000
0x293bA0C7677E1b31b68D23255e9939F2980d9C34,1000000000
0x28124C4905968D4e1d17096D790b1275078a312F,1000000000
0x23a71096A6e031580A79943887c5ff37959Fb8b0,1000000000
0x21a97b0EdAA41940c685fdD325da3E7dF7d81871,1000000000
0x212528aC2E4dc73F4206b1650dAD78de739019c1,1000000000
0x1CA1Bd69f5dEbeAabFf5B6bF4D54B0023E0A648E,1000000000
0x18476d27Fe571aB799d8478F2Afbd150d713Cf69,1000000000
0x158e74a889CE95788870c561973Eacd717D8801a,1000000000
0x1479d7E5e5C6f65a4597E08Cf34c63EB7a7f9656,1000000000
0x12429DB796D09A0211F3058115Ab82624Cda552f,1000000000
0x1122116D8FD71De4366D41D5A216F068AAf0b774,1000000000
0x10f6E29eF47e477230a293454a43423D3c7f7774,1000000000
0x0ae94A8dB50A5d3186CC4Be71cDe5C16fe204997,1000000000
0x089704b6a6da1Ee4Df4c0988d5463974e27416cc,1000000000
0x064B7CE8B1216e3cCcab8747cbfc5572DAD45D03,1000000000
0x0024983876404d645acE85E135Cc0d5b6DD25Caa,1000000000
0xc379B53894a84e2a032781CD403D3008137Cb16b,996166627.233679
0xCF6F6F818fEAbed6DE0E7dE4DaFED0b53b984216,951338438.59536
0x34F5924a1E31857205301Cf0E2cFB4D45364ffA4,938367843.9227
0x01B27Ec780c534bA0faB15509354C3798321273C,936634647.950369
0x225ee2D4FAeFD906eEDf75d28022B6323c0964a9,915215195.228492
0xC59Ee3C9c7e2B5678f0E36636237C592EaE0c649,905328505
0x00eA04a5B92A1D11054BE4cBf598B766e497225B,905328505
0x8CDf94EFa25EeE59B934930F9A32Fb5043eA8aF8,886540241.954832
0x4a259B3dd9FC34c0D4A4DdcB047CcdC7090ee992,875675675
0x04032bbBaa071e8AD2b1f1a1f6AB638F3a6a12F4,875675675
0xcd400c11B699B065b6a892371F4B8bef186cC2d9,834053357.812099
0x1B0B0fa68ad1CB0AA4bF8f0819bF5F494CD9e121,813102846.023969
0x2c2EEeFb2201bE2179B089e0d4077DDc3066242C,811141779.300166
0x0De3B6809C88F2F720AFe1a360de155F3bd072A1,787127851.579699
0x24B0Dd9c91307f5Fd8A139BF87284ECAde04aA3b,784305189.800537
0x7CA89B95C3699741Aee2112393bEBE6eD8bF62F3,783029389.913976
0xC092211bc9Bcc1903d12448F4980ef38ad60C492,779390650.322761
0x3fd15aD896aE242771595191e8B4565fC04b5e47,776964975.677278
0xE1CC2E447cc65741f03e7eaAA23E2D056bB4c009,774074614.862152
0x6eE8aa739b3d99951d04Ee0F27af95D5115af3AA,761758938.840748
0xc5a8ef5D646DFF676cd3Eb03e4e46aB5Ae1e46A7,729117045.19324
0xfe05D85f4b718a9261f3f5a8dA0b0661B7Be39FC,712508087
0xF49d8fb2D18E45b9B73553f694c154B4E9D36ffB,712508087
0x713a8cE65b2ee37b85871f3cc38f598728c2ffE8,712508087
0x4817DE23643FF1080f62c105aA0F39e0B47AA0AD,709635910.152139
0x10aFB2b929E02d7DE0Fb0E7B76fa56340e358806,700000000
0x3799df3644888C4B63d32557137ce9b21f3D0E19,695103490.227149
0xf0Fe785721E7C64985841F7748D89789d08B2516,675675675
0xf0dB619363881ceb6bA06b9AE3dd4886652Aa896,675675675
0xEa7b1f384117D07989c0fe0CA5DaA597776e6c81,675675675
0xcD59B5d986D2755bF91D47c4dBE0CA7Dd8ED3022,675675675
0xc7977404629D5eAd59622b368F6DD3B1B9E53B16,675675675
0xBc3808187A36385cAFa5467f633A1ea0f0Ff1650,675675675
0xaf8C95eD4eA5236217fe9920Ee4c22Ff4343D07B,675675675
0xA94D609db541E1E21FD1179a63Ac41A651584EDb,675675675
0xa69A668296279BE8F866441a895BbFE80042E5F4,675675675
0x8547955d386Ad65e202507d79B1e5eDA06A23299,675675675
0x7f9dD15aa816c098aa5a73358AA4549A96A75e84,675675675
0x4b444D98a5f64ED700D716B88be6bAD048822405,675675675
0x459B7caC07086806454E8b0e8D98F4C33BD3Ee9c,675675675
0x3C2967E1E93E9B02BF1AeDAC596349aE88DAc09d,675675675
0x329B247a1e1CE0BAecE45378cBaAF0FBff1D53A6,675675675
0x2b14D24C51f41D577E094B70711990b4DF8bE1A0,675675675
0x238f2C2Dcb197F1c15BE4B534f2760D2cB89D439,675675675
0x2156448F0C42EC2F29a8d937F3705aD700DC5932,675675675
0xd9d16e8A05fa950e2362319cD3efe94016CB13D5,614375571.143605
0x4e3f8Da23054391BBFf830d563D1043c472BdCe8,608109351.55933
0x88A3365508B83A95E4f360b343f4600D1150404D,605847517.265281
0x54e917896C2a7Bd38243De99C75Aecd702Bc1106,600000000
0xe4cEfe340D66925Dc559245f3A2307400a915b1e,576389909.472284
0xf1008B39DDa2A574ED16fdDc21B598C9Fe71d9C7,561516533.526624
0x8e603cE9b9e6692e25A3E62f6C9D0f9eBf86303e,552977364.973668
0xaf95fEc1A47640099629F132732A10C258F54fA0,534488005.520014
0xA7Ab889299C17119A45Bb8BDDba851c694516aC6,521108639.332071
0xC48C83B4b6Ee992C2105438fD3681d9f098b19D3,515786996.712055
0xf993d83A8bfaae29a0875e13d5868D9eF342faB4,500000000
0xe6F650e5c7dC46821Fc23fb50bEbE7527A0027b0,500000000
0xe51a2e65d8b43b045De3d1DB9E64906d14c61B54,500000000
0xE3f02F18d472eA78c2794c83e710eCf93D008997,500000000
0xDA70703f92248B72c45a5D364a95baB7D7Ae4B39,500000000
0xCBD15cFe5Ee1f8FF0B571B63B8EB1690A7b87F1B,500000000
0xcAd6312Ebe858B0Ac808b0520A072f38764796a8,500000000
0xc9329f80cccAd7D9B1d1dfF1b6c5a2292b4513d8,500000000
0x97f370196fe65882B861e905BdA55D33a74e9CCF,500000000
0x2F9057a49AA77A64C3FB7543A8672d4cB458Ba2a,500000000
0x2E2901Bd628c930818773300f3c185d6BDCd1112,500000000
0x1Ec950A58307add69266d45Cf2f34c838Ae7899e,500000000
0x0e9592026D936e0a9cc56fc6105736Be5443029D,500000000
0xdE144227a6cb269D47226F97Fa8ddb682D3dC54b,499373446.348171
0x9f3548946850e17655F76A031C7d602202D8F51a,493453169.239498
0x9a2D04F7a1AD9ac818b56bC4bda26C15a478dE4D,483277310.69647
0x5532A4b9B98bc29Ac0B136c745d291C4132a17b4,479421445.896414
0x0a1a8a13fd2c3094B8F563B4944Db4e18bFcF90C,450000000
0x15Cee7Ac10A4208Ff96f340C237C4Cd531463CB9,448073908.812744
0x91857e7b0d44cc965156d915a275D3Bc3DB9539B,430307379.913747
0x03Cbe0b040C232794F0fE95C0a2285F1e7cccED1,420369776.389247
0xCED14Af869FfC67b31663E7b932F00d1FB543B8d,401351458.340659
0xB11b466eCaE6F45A895d668C3341e560de814bE2,400000000
0x3306CE556BD4115937e66Cf68Ca4Fcd1EcC0755a,380919481.894541
0x1210F3eA18Ef463c162FFF9084Cee5B6E5ccAb37,376067328.6888
0x85e4f22c45543C904fcF2Ed2c13Aaa5FBf1CE56a,374670249
0x7CA59586338fF416769846Be369E1706b18F4f89,369769321.524858
0xCe33F195bc2Dc1114d11c19ABF9Ae2B48554c8b3,369165477.750687
0x95FA59e85C431cDA4eE612524e644C9DBFF88900,358633032.16592
0xEfEe9A62E9742382dF8489543D9c6fD1920D55EF,339973424.001302
0xfa3A555BC8FB189D14D4E1F3dEb36AC9EFBf1D0f,337837837
0xF38Bf909AE95C67818B6F3E68DD56faC06b8f7E5,337837837
0xEbba215965754314C3Fd4675e0Fa6E91ea4dA579,337837837
0xe0039E44A580506CA887fBE9e5989aA2e3F4897d,337837837
0xD811eE2594b9e21e3Af9533F540E6e783275F21B,337837837
0xBf5c61EF176B4361e501fcD2F6bEc0116430e1BE,337837837
0xb11145eB3c7C101BC2561FD6c3A265d119F45fec,337837837
0xA793daCA43F3517EBf51FB5b76b4739C52A7AD48,337837837
0x9C358Efe2f7F6e5247a7DA1BE9Ce35B2E94E2846,337837837
0x82E6b17b47dc6f96E29392256370C5745ED71ADa,337837837
0x6e7797A53a647aE587AE9871C9D1EdbF84688b97,337837837
0x63561211f46a26cb476C5BA40Ec53c7BF8Dd4489,337837837
0x606bb850d1Eaa7e96d073C667fa26076689eF411,337837837
0x5f0d06F2fbdbefB593Af796E5c69e12c8D5B5aec,337837837
0x5e52f1d7CAF7741a53547b1aC0632e12B53e4aec,337837837
0x48d888d71e420bbA0352198A70Ef25c59c782633,337837837
0x4424394832a32102F6a555789D307F9aCf4Baa8D,337837837
0x39718FD8CA10e9730A25BFc0eFC4781D563e465A,337837837
0x32e125fD975362567F1E9D15822D0aABaF86DB51,337837837
0x3247584156b2838f7096A495e45788cCD4120a05,337837837
0x26C5625E8296d4Ff4cBb186Ac61Ce172792f76E8,337837837
0x136521Ee1b582bd1A196671308A7571CdDC2906d,337837837
0x086d64A659A6f5077529440619Dd111F3CcB82d4,337837837
0xe431119b2248c43f48B09E93E931B90D7Fb2EEd0,336832412
0x7Eb01057b22b94D7551c5ad7c3892e5Da09039c8,336832412
0xA6cc9397d29b631b69782e5F7fB9801224C8FA90,319455827.274333
0xCf1Dd26aE52bD6c0388a105e42Fe8Ea069725F29,310915436.520084
0x8DFc2bBF8230b788899Ba0d5062985a69f611e9D,306898575.806111
0x298Bf72F57539E7c5dA8e8801497b372317E6723,300000000
0x0535bE3f20DC2Bd4cd772F1454631C3b780497F1,300000000
0xb2763C0c06FdaB3db6739b8a25d8362f411DDc85,298264808.198957
0xB4Fc7A71d0660CB69b055A24a82638e8Bf0e0e4a,296375172.8778
0x43C9a7e362c6aD43896E962CEC9A3096302B154E,268494500.86357
0x903175c3Ea356D06dC31bc59D27947429a5A6dd5,262179756.154399
0xEB86768aF4dAB1680A266e881d9b3F85f6239aaA,251494673.653388
0xDA1eaa6D6BA271B1FB9e5d014FdBff6326d26aF6,251108174.592304
0x7Ef2F7af07a2185465875C1Fc099f8A8E38A84cD,249730002.826943
0xE46b2AC689eAC9B01b6b3eDC8186D497e88F45EF,242225045.191214
0xe9D302C300D092379d8d7F5702c18bF1859f9231,241497539.881808
0xA6fe88fB3c3F36F6b41b809d53435b5B1bf8Bb69,235689924.433759
0x9816d0215837519ca4E96b15d832f87632470e6C,235001411.956937
0xEB189E872D3FD10801A535254EcDEe37a3aF61db,234004298.989667
0xF628Aac433cf91F4e0dFaaDb20E6c53aD2d21fDB,227373713.868477
0xfEA4c5A224D02b411b6B5217C075275dB79DDD1c,224811295.3917
0x80AEeE6Fcf529edf84f57e2bC29e720BE705EaFF,210144094.2396
0xaF7CCDd3a690EF9bF55c9C4e522f4429cc85f392,200020861.204282
0xFf56979eD1D4361A96A550AfDA3FCda273952D8E,200000000
0xf956EaD55a6a13316EBb0f47115312860629110F,200000000
0xF54BF26f54aCF211578a371eaaaC6e85Cd3838f4,200000000
0xF18ADE9741268f56Cc70Fea0cD536205362e7DD0,200000000
0xE8517418753eAe2c158ae413255f7DfedF18B2E4,200000000
0xe414fbBEdA4c902Fb7bFD542B28DBbb80C926DEa,200000000
0xE31678AD139CFD9f5644D6fDBCdEdC2e1f9061Cf,200000000
0xE03Ce039C36B87E9d8f436A9775B7fDe667a2121,200000000
0xdF1FD297CCF0536d230f1F62844b1AB56081039c,200000000
0xDaf6e8FEf07E03580354d60B2DCeA947977349f5,200000000
0xd8Af34Ae2FCD61c1Ef271273D30562ce8C88391c,200000000
0xd8a658fBC7d42A1054682AD68E0c21ac7689FfA7,200000000
0xd3367694F71f71Ef01ce42a19519cC924Dfc3925,200000000
0xcDd5d31A42D1935dd9651aD4f480AC334BB6C608,200000000
0xC520bd964CFCdE41bd7f75eE9516B10EfF9dbC4f,200000000
0xc2EFD9505f809428cBdDdB9b259fa473FE96BBcD,200000000
0xC1b5D4AD6994840894d7A97ED281a823ADdb0817,200000000
0xB842d0F92701978E2AA321ED1e232283e21d925d,200000000
0xb5e55A6B05314cb3094ab19fd6d55A411B80CF51,200000000
0xB578FFc1D820CC287A6D5Decd3f622a0bafa6bfE,200000000
0xb12E3321882959bE79E1b61c214E76e545A1f08F,200000000
0xb0c7a2fEE51126ea83e4115046793ece5557FA1d,200000000
0xAf354bcDa68D66360851977b01AdAA97Ab19eaE9,200000000
0xad65bD23899d14dF7E27085974061B5661fB5e13,200000000
0xA6e5Fc32cC479e73da70B0E286247d4E757ec4e4,200000000
0x98EA96169EFDF7eAd7fAC2a801B6A8F2354a2eAE,200000000
0x95a202847CB5BCC1BB602E1e6208663F8B1348aD,200000000
0x9210CAA4029955cc53a114c30da84C6CBe86d490,200000000
0x8BD89Cc657acf9AD33b90Df6800e84fDd00dcC93,200000000
0x8Abded5Ac7918DCc2718783e415E6D2AC4515B05,200000000
0x81Ab9606a43E6726E6426e38085F1C4aAE5f1226,200000000
0x7Fb7C68da5b3756f01a6c7B945f5Bb53411029CA,200000000
0x717c237bF3B60eE51967E46Fd9D3A64CfBcC15C2,200000000
0x701D9cBB2a3b58f25DED3d4d1A9313c29ff624Be,200000000
0x6fEeF1F76A4740e613604B16675517D78750A59f,200000000
0x6f813b1eF7F3964E879023B773cBab3Ec976E3fF,200000000
0x6E39146Cb299e87d9A54e27c4C44daD702ecD41b,200000000
0x6aaB2b4eb7465c0A22663dd383A8F3eE9e96F6AF,200000000
0x5bd991375660120c35a41d30D0EA63E11eFA4647,200000000
0x4C8E82E289BcB30Bf70354A2C82a78d957DFA415,200000000
0x495bDA4477A94386D476E1673049c3eD0e3FCA92,200000000
0x463aa525D6EDc86aBa6998efd4ee9E2505BCa389,200000000
0x3F1788044F27A0Fd61629DDA05e86e10b0607b8C,200000000
0x3957e3091C83220B7d023A60A509e1A6AcFC3435,200000000
0x30e6B7CcB8E910f68e056424F40fC5b5E1c6E7ec,200000000
0x293527874a6500323e29b0b597f013cF4A46f682,200000000
0x1fDCf276521c5268Bfa0CD6600dD1E477e01Ce79,200000000
0x1eD83e50458F0F7cca726313ed6fa342FcfbF5Ba,200000000
0x1aa8A4f499FE48C4Cd26E91B65b19Eb62D9B5bf0,200000000
0x1A72e63942Ed58Db2dBd0a3FBb2FC539Bf04B75A,200000000
0x195B571AbA14075db79cF59ea43130f48eCfD90d,200000000
0x159e5B61982C0068AaD564F85B18e40653ab6576,200000000
0x1498Af7DD4A61bF43cF66D31d440cfac546446B6,200000000
0x119E6dBA37d8bC22F154058970C2d93aC472ed8E,200000000
0x06E5E2b173672b17a9066C08242f65B042F63Cf5,200000000
0x0091154913DB4516A8F8d38173F460848296984A,200000000
0xDE47Cd1A26D22dE2064838b7cccAef88cdf919Eb,189924518.63824
0xd90485a3c4e7c6d4b473d102C0633Eb9038c7ca9,189541182.407208
0xE57F253193E7376d5B951D50BEB7B69b80127d99,179849038.42856
0x69b2A220d1d0948d34Da622051be636DDeDD17c9,179849038.42856
0x1A66536999b66f6aE13508fC198a06615A11CD77,144967425.02532
0xBc671543EEa9816E353A96638EeDe0fC84917F7A,136832412
0xa89C95274D0aDa21D068095157AF88E368DcB9b0,136832412
0x74FB9510DafD52648735859f11bE1145dc0f9528,136832412
0x55ABe3704894307800E5C8baaC9432136A82AE97,136832412
0x4Ae1FCcE65E4609e9DAB760fFc5347b9229517a5,130393338.42856
0xa785007988D52a96800D11d6f7eea7A70A732683,126151677.381877
0xD89a36a2E07395bA96475C231738D2d8e71F6440,126006456.54376
0x68361413a9a21e4848BA8Ac248AB0A14E7456385,125168582.989564
0x3A0650E8b7B10712CD58097a0415cddf96C8dc91,123513015.60136
0x8A92771Ff45734A6bc12Ef50fB30bD13a6B7226C,117229319.721667
0x574E4E316566c3278eB80f89C3b4760A2Af6BE18,115139251.83178
0x47f5283208CA6603Bac2e947AA9202CE2af34435,115139251.83178
0xf43a9FC66FE3078671166679181f591C3b6bAC3f,105072047.1198
0x03aF9714392C13838F9AE054329e042Fc00C56B4,100000000
0xf688d20a68112f20CFf6cEE7c3e81D7C052cfe4c,100000000
0xF54d49b0e977240693a38653104F172ACD5b4bd5,100000000
0xe6e788ABEcfcb7976c86386eDe65cCEF5D1bbEA9,100000000
0xE4efc69E12057bA39041813B0A0AC1e5282fd8a4,100000000
0xDdfd2627fAE4D379332f0e96f802Fc6901A2B920,100000000
0xdac74eD3E6EA4570ab808423AB2B94Fa1ee9c562,100000000
0xd99694fD205Cc2c9d5EBFFc5fD5ca5cb5416Ed03,100000000
0xd7467784791ebAe72180623a438f5a8C93602A50,100000000
0xD204875BAD61Fc15A75529B80d855b126Bf13971,100000000
0xD0f9f52BC948B27dAa4dA9275077Bc5a5B02Be5a,100000000
0xcB817829f87c5364553eE4BCA8b801e36fa098dE,100000000
0xBb0941623cc3fD0C4e4B47962e41902b156db9D5,100000000
0xB3dF98690afBbFbf3afc6E940EE26f49c4cAA6aa,100000000
0xB388233Fc7f3391C41392545bccf0909E5cf4b41,100000000
0xac0EB49B989f8a9Ea2CCcDf73Eb7C4C700925549,100000000
0xA970fA27e02A61D9Ee6Eb311cce7B8D2bDc6AB50,100000000
0xA3B00C06234038BF90138a22af760B61747844Da,100000000
0xa34803f82535969fb238f6BBC24acaf8BF8f8a63,100000000
0x9b50f750Dc4Eb597Fd5BB0B8C435D734782368fE,100000000
0x91Fb5e55e196335887EDF34609628Bd29F09c83D,100000000
0x8e5AEf578D6AeFc0be4eDB2bE5c300E8207e1fEf,100000000
0x8cE6Cf23c18202Fbb9b1206B596Ed58DaE30cb13,100000000
0x894f1fdf83c322A6b35aFDe5F2942eBeb670ed30,100000000
0x888B143430E84Ec47f5dce5c4AAaA1EB62B08f5D,100000000
0x8803FfA6Bc7B5583D80857494EE933AD70820F1C,100000000
0x7E661ac52e2578d56EEEC231016c7B4DC0A73B75,100000000
0x6fD4FE2547a54b361d88Ef1A9c656DF87D4E63E6,100000000
0x571d05Feb04da207F8efbC0EC4AB756689812Be8,100000000
0x528765f9F6c358C7b38528D6B63713962ADc4484,100000000
0x4C0F3359A4Ef3a4A2BBEe138A34777C102E40848,100000000
0x4B70b870182F65E43E7413Ec33878015EAb7E7Ff,100000000
0x49F33458114CEe5652BfdeFaF57A4B8dE8b359BB,100000000
0x492b30e7B576aC749F2A398BC31F08d8436Ba504,100000000
0x45Bcfa68cca6fa26B25Fe8a5766fAE021ae8DfE1,100000000
0x43C35F2e2D5FAca2f619C1cD486ED1423AF561F2,100000000
0x41089B971D22ed2be9E0Dabb7Da3b5A702B737f5,100000000
0x3be41bE04d559CEBf93AF8d657c5484fa1521861,100000000
0x3a50F61CD7f752D164715Be3bEf44F7Abe59400F,100000000
0x36B4EB820410B3F06aB3789f7C391081327a1Bfc,100000000
0x316b54C7F0745BFC05a109A17e473e3B966ADD3A,100000000
0x30620715bCF265773B2973eFf4293CEE0Bb1b774,100000000
0x2e1183b6c81068eB13B26Bf281908E4e5755F9bB,100000000
0x2CBdD8697f59e48A4fE77717bf2b0323eA41B33C,100000000
0x2b258f27CC77cc970C9f0D4Dcb480E6f25eFFA71,100000000
0x2a3DD3EB832aF982ec71669E178424b10Dca2EDe,100000000
0x29c24b234EFe7822f393B4c09b89F2Ad54d8d083,100000000
0x250c48a675794aB97469b5C37CCda5f32464Ad3b,100000000
0x246dc1Bc5050D8f5CFE4660C39a5d3a1BC880ef9,100000000
0x20B278B9A6715fce84F39Bb58382c956cB5c391D,100000000
0x1FA4D89f1d044dCa763610F30E51AAda92C6c38c,100000000
0x1F7c2f8F02f56bdC79BBed5EBC054dF2a2CDa46d,100000000
0x1EeebEF8D89895D10894E920375e36a85C8bC0F6,100000000
0x1BB981556F6AF1A28C088c5448B254a253d7657b,100000000
0x1b9243991E1321d53F3d5eF417bAD563a592b58e,100000000
0x1951B80383f6A97d35659b8d2d355f644B50BE9c,100000000
0x14f90D5922631763b2CA5ff47D2FEF7e8117F434,100000000
0x08b35d6cffFF52e3D619140Ad88ED43d9C6e66D8,100000000
0x0829CA409fc92Ac16A9749033cCcFD094bDA2bBf,100000000
0x07Cfa2728eb2980c77C04771c6dDf6B67E5fbaD0,100000000
0x06911C684D2E48a4228F0eD0EF83ea8614e83c02,100000000
0x045CDee649D6e1F389bB9e08675EAD66Ad1AE053,100000000
0xA5125058f7b5cA7A2B1a74B164B5262a4403D1A3,98486455.0078668
0x9E725E0916675bB4f7C00a3CECfdE4F50B932Cc6,89924519.58064
0xaAb2885b4A57E83Dba3Ef63d7bD9E5508712A17E,89924519.09906
0x7855002C4De80fC04102AB57db845Eeeb87B27AC,89924518.98386
0x4864420beAca0E332D0E097483cbD8Aa9A9Db51d,89924518.98386
0x08aB0AbaDc3c5b8cb068C63f85Bfe9035C81DBAA,89924518.98386
0x6eD0c7dC612789B3a32563e3398fD70B1b45A300,89924518.75344
0x5dAC428D04290a191F4977C4f9d9fb29F86aAFC8,66491845.1310406
0xb8A437f9780A9B7A434B6b141F62ED98569A2c9e,57423736.2461993
0x27Bb0792730720e2c2Ec7B5779c45AF6fd6F75f0,50000000
0x63d5cb498e8C58C4272B9ccb86C97B6fAB99851F,41494657.4850518
0xFfF697615Dd80bAd4E776986F93C17e587F8e1F2,36832412
0xFff223152F9F82ffCA7C1bF1766E586816e5be00,36832412
0xfc925b8C9bF8beac5D219F67192D23fAA4F6d374,36832412
0xF8904F602131a1F2Ce3B5eb8A1f5A0032E2b1Bc6,36832412
0xF0ebadd47eF68F3ffE84115bd31ebeBE530F5D66,36832412
0xeA553358c60Dd4069E44D71aCb7472eccd3B8be5,36832412
0xE5BaF6b19dc2DBBaB984dBD14fD4c5082E45161b,36832412
0xE5195E9C0d1Ce0A28ac09Ec8073d81f765F970a1,36832412
0xE27fE3867755556AE2755ED00b9D09E5774699Be,36832412
0xDdCF8C3E276b07b9974E010F4dd6105ECD6F55C5,36832412
0xd9324255FB24671E1b6F1CC2486834eEA0A2D383,36832412
0xD8F49F2e6f70EFcA913C00Fc7aa70116b585CD05,36832412
0xD5242303eC5C209d54bE13d167CA457C49EDa912,36832412
0xd2be4dc3E670D2D82505304741894D27E0ADb935,36832412
0xCE0d5FadC92F22BB9BCAc49389706Ec08e86bF2b,36832412
0xCD95b85B14262f3b0f4D60FE66c02DbbB0e31911,36832412
0xcaE7D0dADafC547fD7B343D401afC0527478f76A,36832412
0xC86d930895Ed59B70d6F190E8A184623EcA17b65,36832412
0xC7D9eAC4A9d1609a75D45D3c2231E9d46ad6508d,36832412
0xC7c2bd77bF2906AfF6f8284414Da974C9B1200e3,36832412
0xC509a22fec59A642Efe114858eB3fc410c529Ec3,36832412
0xc4A5bd6D250508019f2a970Fd1c42C3658CcE84b,36832412
0xc14ddD4058b40351305eb5654E4fB68BE4DcE2Ba,36832412
0xBdF291E1E53e8A787b5d7057DBee80e8BD868195,36832412
0xbC4c86DDD60fcD7cFAC3d9b8a536bE40353C29d8,36832412
0xbbc82b279aE330940E736dF96a0C3Abf7E638B0d,36832412
0xbAf7c5e84b844Fb3Cca9de566159cBc1dEf6c406,36832412
0xB8e353d37662a3d1Af45B465099CEB5c1443a87C,36832412
0xb85df36E0b16Ebc2876eFF7426f6C93F960d1fE2,36832412
0xb7f4E1B112137226f0d691FBE07ff548680F082c,36832412
0xB7eF64435edEbaa9E02357970087B42cbbb4a249,36832412
0xB3734b4dc57AD847ED96aE67278A797A8737Fae4,36832412
0xb1bB009ad9bee936a8b8FE5b8bCCd9584A212107,36832412
0xafCe7D69ACae7C4e95eb1cE80e3da0A83EB4786b,36832412
0xaa59C94C1B3751bc612Be05d16730D0479A98766,36832412
0xa9e539deBd203ab74DdA82a22438e738eEe2Ec3E,36832412
0xA295d594Bfabc017ACfE600329DF9e0A1Fde866e,36832412
0xa16B984cB8eD5a4647f9ac122C92FC20f9986A6B,36832412
0x9E68876Ca067b1A828cd9A7666493E02a8eEe4D4,36832412
0x97a581613bec2A1f96531C616ECdB179C1F083ff,36832412
0x95CF84a8Be82b53F8F86073653f41D7C8aae6E65,36832412
0x9561FB2c95929461c0af2227ca3e13CC38885a78,36832412
0x943fd704d3B8fdFc1230e62620276fa50a400a36,36832412
0x943F1b76bBA7D7096CD3169Bb9F397616C72e74F,36832412
0x88dA493D7575BD0D5d0E6e4932E944B6d8D0ECB6,36832412
0x814A928a967217640aB1adc39eC3b122639A80fF,36832412
0x7FE392f3dd280308E3E989e41A5BD5036dcF4442,36832412
0x7ed444D175f3De9F145DD594303707D0370Dc2A0,36832412
0x7a73391826492FDffeA2F533198Ad6112E0F74F6,36832412
0x79faF3D949Bad324cd2d8301A1c8bD12DCFCeac9,36832412
0x76d360E14A29cba44Db915144C5a395698BaEf6B,36832412
0x751668a5126ac072e904e03c4D13948b8e9047D7,36832412
0x738d01b78015eA965235A5A389ae07A56D99938E,36832412
0x7306C2c691eCDb2515c58F83eBF277327C9F8b8c,36832412
0x6D99846426A6Ac3Aed27F79cFa50f6CFEE2eE819,36832412
0x6D42ce56B98C15569750cc6556A14B2cC85b5581,36832412
0x6d16751E7F61158102503E6C8d51270fE453259c,36832412
0x6c158383043a1d9e77a1D66fd5328B151354fFa4,36832412
0x6C1317A2D8D08651eAaA31bC6131CfB1B59CB806,36832412
0x661e77CF7b5538B202162267234f5960ea922C1b,36832412
0x65DA72AA4ed2e319C2d0AdF4663d20BC80AF87B3,36832412
0x65959Cb76AA8B29B4f0dbBA7b2f0F4EA59a2Ca27,36832412
0x64740fBc4891eAbA7aB8e0032D622D3340459b50,36832412
0x6406112aFA64BEe54b694ec6232E02a30B316B0e,36832412
0x5Ec831C10A6408C9B005D35EA9B56c97D6c262F5,36832412
0x5c8257B9c59f3A7cEa7e3F1Ba7c5a54fC3c205c2,36832412
0x5B3AEb7F5cBCD8Fee7938398eD67f737b967110d,36832412
0x5B34F6Cd2fe00C2Ffd84622199b5C5a403b1503F,36832412
0x594c8DB12eB8D6D355D80dF22A3858cCe395354A,36832412
0x574FE348eFB88DE2153C1a498b9d5d36ed2CEEB4,36832412
0x561e19f5BaF1757ba3Aa428A412a5Dea28ba07FE,36832412
0x520099d81f6A6Bcb8AC2DeC29511035357bd7473,36832412
0x501e16438fE42Be3A3cd3A953556c379804A68E1,36832412
0x4f355A9C74Bd22A90fa32DE4cD129da1999520aA,36832412
0x4DD3f3D71b8C5bb1C646F852fc0C4d9bb9f5A1F2,36832412
0x4b149FfB50e7DB66F3cbeCc87effc1Bb51100c46,36832412
0x47Ae9768d015D76Bd598F70a77fE223f69fc33A0,36832412
0x460f68F0daD6527683c8B23Ae0c4fF5818Ea79c8,36832412
0x45da0f163188f7a090D79eb28549feC6c1618c1B,36832412
0x45093797667206eeCCfC503A6678582D7b1f2d12,36832412
0x44AAc0e772c98064df399031De1296b0f33a9Ff6,36832412
0x43b4724d66F949E27b4126C8afB8ab207C1ee8C6,36832412
0x426bBE5813006Cd1AC9898881888d71ae5025796,36832412
0x3eE1891664c5E9edFDc7d73AD9b731D70C59d444,36832412
0x3E377157A55495F1f71c750A4e8b143e642e82B5,36832412
0x3Ac3b4c40507a4c2060cA9bd71F523B5eB42C461,36832412
0x39AC5637595487FB1928F38b49f867421Be26648,36832412
0x3903E968076FA470D989a67760213Ba6F668fCf9,36832412
0x379B53981D9646787818935DFB90a921fAB8E4a5,36832412
0x3774ad7B5383E54E9125679c8a82083Dc31694C8,36832412
0x32e02279eEBB20d17B2e0f9fF7C1aB37155fDD82,36832412
0x3094C76c7054b5508d43F276c89BEf4ca07006D6,36832412
0x3086192701ecd24E9E0D1429b5472269D68345Cc,36832412
0x2d6C0ce4958919e7c43c3a9f70cA238096f30116,36832412
0x2d0C2a3dA21e885886A6f445f23F97CB5260eaB6,36832412
0x29088b2B8F61177e8F7BaC1629a90164aa4a1296,36832412
0x283554FC858f32826eAAE7E1d5Fd606F3c20B388,36832412
0x25724734196CE5982e954136F4bd1CFBC578284a,36832412
0x23aDcc9d81EF8c65e04f4c42E048542B38145846,36832412
0x213e644E3656286Be78C2C279d0FD00013Ffce9C,36832412
0x1F08469B19829D90CB222c75e62b464D10eC6ebE,36832412
0x1dD467C246fF14030f8389a5B43E5c2045A2ABe0,36832412
0x1975379768f540b9da9A8edAA0b8683B5b592272,36832412
0x18eb85A2D8f57a8a5d608B9e3741f2c2418dCb74,36832412
0x18a4f479c37f41B6fbACf5F08aDfE767A3A7cb29,36832412
0x16F239bF953894b6B809C376d6B87c6885B0eA1a,36832412
0x15a0697e6C2AEa2A25bAB757bb27a34ceDa3A9A7,36832412
0x14e78ba817FE604f9Ca9A749A1fB0EDa0cA31143,36832412
0x10B2A08DE4099BF1648832Ca513F2Fdf0C180B05,36832412
0x104140a0344c0f41c135aAAef9fA7153769dC1ca,36832412
0x0a0b74c388b405f98b6Dbb08C380B0f47C310E19,36832412
0x094eEfD9c18dF4227fB1c06Bb6597194328F9247,36832412
0x07f5427750cD9142D7cd568EC7B4D0fDE35eE2D1,36832412
0x06fEfbB8B3aC491E71df0EC14926052df1210834,36832412
0x0597ab53aA88C9e4bE8C3469C9DD175E6B988d82,36832412
0x033F4a4841811eE1Db8008A2934402fB765DF6e2,36832412
0x0058D84EB1c791Adbc85917828CcC9a61a597154,36832412
0x78FA562DB71c28Af6E0643324CD2b5d3CF2bc6ef,30619360.8786775
0x476307DaC3FD170166e007FCaA14F0A129721463,21176860.5193802
0x8540B2500E3c331B836e46DBb46072c9639baDCe,15614606.4590067
0x2B16fBBbAF9adc0EEf3056644dA495074669a423,11681378.0795234
0xFbA38Ebf53b5d3956d4e4815dB9b88cc01DB023B,10634807.3636185
0x6A4898CD69416F865C1530262bd4AF76813bbcfC,7517577.24439767
0x8C07b92e9DB3D534E3453c4574c593a264353Aae,1000000
0xb3Da743Fb5c5Fb5B8b99f0F1A97E38fb48fdE690,436614.553842844
0x48cA39FFED85B892e282716aaB95b932AcE012Ee,226196.913923577
0xFd778a71D95fa5DF4a75b4C6CCBF885d236B6667,10000
0x5f1bF06BA6aeB4396f04745121f6C420bfa2a588,1000
0x5636417FBC0618fd6b46216405AFacB392729eC0,4.35331300202656
0xb680c8F33f058163185AB6121F7582BAb57Ef8a7,2
0xCBAB8BDeF5f0c75e9dB6e5cf169331eDE41420F8,1
0x8e6987D009DF1bF4cA10d15daCa31fE9936FaDD8,0.986827000440752
0xdD4080398480941266D2af10d56e8B49868df133,0.954876127827025
0xf4ec22CBD6D3eb8A9F84d980F79c4f2A3e46c398,0.917499031079444
0x930147D8B1dFac055045D8c5443b1010fF332f68,0.751104499373345
0xA68AeA175f298777aEf4afaD4602b37c2154A209,0.748263172544428
0xc631a97e154bB5e005DF7F04eb2Bc9977C94139A,0.664666832352805
0xA0257280dD7d8e172dFeC8f5D05c59e52b36Acbd,0.519615582403427
0xA3c0515a4384EdF16f11AE5e64D7F086a142e2C9,0.496916171611838
0x5AE853F28dD068f9aE71D6769FA74f7c2d2fc3b0,0.355990930848656
0xFA2b6215530aaE393315443E1934C82bf103aca0,0.229249744536947
0x22BDd4cCB753Ce4E6815979c6198e1E1bCf6193A,0.178592262859616
0x7BC5953e31694e097A0062b9986310905bAf48b4,0.125017319059038
0xF98705b8bC223d96B1013b84361Df6A18bA12089,0.00209205207195053
0xB044312C6124cef6EA219C0281fD295959d97137,9.368247431409E-06
0x359f0EA75CB48d26C9773574Fe302160Be7fd173,4.98658393802E-07
0x5359193B099bb0bF868d3d9E9f8B391F8bd8E77C,1.74757275802E-07
0x19cE9E65ac605909F8c6efaE6208E5da1a0ffa9D,1.21890575012E-07
0xbC0ce51Aaaae71fb87063Dfd4a1085D729890E6d,3.9173919E-11
0xd73405Af9eEfad3E5AD6de1f8Ef7ec709b0d223F,1.73066E-11
0xC11f8a55DC8e39d7b6f5206e5412852B792dD8bD,8.178119E-12
0xAEDAA9e122A1e4B6Cd687865b05AaF999e63Ff7E,2.625E-15
0x48BD7f6658A7098B83b51b1b6E7A509e382D8aCf,2E-18
0xd8bA225fD680286567e08f9Ed98bFD9A21a91bC4,1E-18
0x663d91F547d0F86198611cE47A32B2BE1394Bc9C,1E-18
