0xa9e539deBd203ab74DdA82a22438e738eEe2Ec3E,36832412000000001863319552
0xA295d594Bfabc017ACfE600329DF9e0A1Fde866e,36832412000000001863319552
0xa16B984cB8eD5a4647f9ac122C92FC20f9986A6B,36832412000000001863319552
0x9E68876Ca067b1A828cd9A7666493E02a8eEe4D4,36832412000000001863319552
0x97a581613bec2A1f96531C616ECdB179C1F083ff,36832412000000001863319552
0x95CF84a8Be82b53F8F86073653f41D7C8aae6E65,36832412000000001863319552
0x9561FB2c95929461c0af2227ca3e13CC38885a78,36832412000000001863319552
0x943fd704d3B8fdFc1230e62620276fa50a400a36,36832412000000001863319552
0x943F1b76bBA7D7096CD3169Bb9F397616C72e74F,36832412000000001863319552
0x88dA493D7575BD0D5d0E6e4932E944B6d8D0ECB6,36832412000000001863319552
0x814A928a967217640aB1adc39eC3b122639A80fF,36832412000000001863319552
0x7FE392f3dd280308E3E989e41A5BD5036dcF4442,36832412000000001863319552
0x7ed444D175f3De9F145DD594303707D0370Dc2A0,36832412000000001863319552
0x7a73391826492FDffeA2F533198Ad6112E0F74F6,36832412000000001863319552
0x79faF3D949Bad324cd2d8301A1c8bD12DCFCeac9,36832412000000001863319552
0x76d360E14A29cba44Db915144C5a395698BaEf6B,36832412000000001863319552
0x751668a5126ac072e904e03c4D13948b8e9047D7,36832412000000001863319552
0x738d01b78015eA965235A5A389ae07A56D99938E,36832412000000001863319552
0x7306C2c691eCDb2515c58F83eBF277327C9F8b8c,36832412000000001863319552
0x6D99846426A6Ac3Aed27F79cFa50f6CFEE2eE819,36832412000000001863319552
